date,totalVol,totalPremium,marketCp,idx_vol,idx_prem,idx_cp,etf_vol,etf_prem,etf_cp,stk_vol,stk_prem,stk_cp
2024-05-17,47123391,17764241211.0,1.3995397920168289,12517106,7604317345.0,0.8242449530549104,5329166,623514936.0,1.5071832868436021,29277119,9536408930.0,1.7486572220470762
2024-05-20,37437151,13216569120.0,1.2702356670613402,12279785,4201950774.0,0.709559304648245,3957468,513841437.0,1.2680446402935215,21199898,8500776909.0,1.803280435705925
2024-05-21,33342267,12543352091.0,1.4190733504006436,10639468,4674456737.0,0.9522858759183221,2752451,393542473.0,1.3329671717492777,19950348,7475352881.0,1.7888862514919233
2024-05-22,37888276,16509099276.0,1.2801905794053974,11115931,4662882016.0,0.8147442518729155,4071392,501756346.0,1.2445007858579744,22700953,11344460914.0,1.6162238019811475
2024-05-23,50161706,22416957133.0,1.2628900724849053,19056947,6775333322.0,0.8828731477256762,5391636,718716587.0,1.3898142361341967,25713123,14922907224.0,1.6265212514001814
2024-05-24,39979407,16400369018.0,1.1671102587089934,13170244,5462007149.0,0.7513657274582329,4055093,362385376.0,0.8268398287900651,22754070,10575976493.0,1.6128452515754361
2024-05-28,36867522,16917681728.0,1.3983796090593152,12045663,3576715060.0,0.8421151793099872,3554990,489310348.0,1.384028906180319,21266869,12851656320.0,1.896747156424765
2024-05-29,38500983,19575695548.0,1.1139767301579249,13459262,5216291309.0,0.7259491317204784,4271423,425278181.0,0.9825965590433607,20770298,13934126058.0,1.5145800572328127
2024-05-30,41611008,21232596257.0,1.2704313409494157,13951081,6082747389.0,0.878868941201346,2866026,335953312.0,1.3533450698442833,24793901,14813895556.0,1.5602290770860854
2024-05-31,52515242,21470360431.0,1.4744570908783352,18462005,7746736381.0,1.0292955141281774,7257797,2240062489.0,2.626684409168203,26795440,11483561561.0,1.6467316734250477
2024-06-03,41412118,15824697073.0,1.367949428081689,16560199,5390384012.0,0.9083171783242203,3077196,400721748.0,1.403730739937899,21774723,10033591313.0,1.8915309533196725
2024-06-04,37661680,13359183958.5,1.1475542295978618,15889534,4938704727.0,0.7725548038369072,3654493,438095164.0,1.1190970176602386,18117653,7982384067.5,1.6455852502073884
2024-06-05,41987411,19350320093.0,1.2914028239310988,15711517,5617091809.0,0.8100246328516206,4148564,511837658.0,1.3314136066808286,22127330,13221390626.0,1.8136816615974867
2024-06-06,43457361,21354973915.0,1.4120694831424903,13108572,4900024694.0,0.7345148902690657,3714585,421377088.0,1.5727925363365298,26634204,16033572133.0,1.9543179032024054
2024-06-07,45460402,16613361483.5,1.305673275494886,15320445,5459589559.0,0.8420999473718194,4768261,475997288.0,1.1880816649435548,25371696,10677774636.5,1.7515947771563274
2024-06-10,39841263,15792766930.0,1.4606058012130698,12362203,6654912944.0,0.8273039845126632,3656568,643148150.0,1.8063827615398016,23822492,8494705836.0,1.9325649553046051
2024-06-11,40701856,13437220206.5,1.373050557897986,13347383,4977424217.0,0.8969495760161507,3312430,371760520.0,1.2425285831117274,24042043,8088035469.5,1.7831686089888938
2024-06-12,54760752,24904179997.0,1.520975670478938,16436100,8985478419.0,0.8980842584455343,4672649,548970809.0,1.1649462707354468,33652003,15369730769.0,2.086089433858723
2024-06-13,49758362,27246834616.0,1.3237951850835832,14670455,6314400607.0,0.8393878075315266,4503788,672674226.0,1.1057447833140859,30584119,20259759783.0,1.7070371273512448
2024-06-14,52273501,19089657947.0,1.2924161891192558,15873142,7240223756.0,0.7170004455529243,4405391,616199261.0,1.4794100597144288,31994968,11233234930.0,1.7157384991181799
2024-06-17,49861831,23015858488.0,1.3659885174527715,18039675,8888380731.0,0.8628228284169861,3118282,464177408.0,1.4206599156183652,28703874,13663300349.0,1.8413572529466442
2024-06-18,43310878,21973699892.0,1.5124163990232693,13215417,8773372776.0,0.9608118558383612,3004156,459322785.0,1.2391219281684651,27091305,12741004331.0,1.9584383997945245
2024-06-20,58890213,32908826853.0,1.2599773957026508,17991450,15159373560.0,0.8605790888178592,4703348,764110857.0,1.1274580092211672,36195415,16985342436.0,1.5530574196097673
2024-06-21,50927143,20983499687.0,1.3529214755146837,13340805,9807198272.0,0.8413255474162407,4424591,491022382.0,1.4336077926649506,33161747,10685279033.0,1.6358847422346245
2024-06-24,44638484,16668354402.0,1.3994970345800015,14032716,7162507087.0,0.8825828384069161,3169397,433563833.0,1.2406942242011325,27436371,9072283482.0,1.8183730248491345
2024-06-25,38281865,12986185456.0,1.360324083590862,12198187,4523809593.0,0.9062478903138212,2937063,357393053.0,1.1654055680031141,23146615,8104982810.0,1.7348786062107484
2024-06-26,41523181,13445652657.0,1.5766874070389434,12198272,4669809935.0,1.1355630369207121,2505012,277681113.0,1.2940888801786175,26819897,8498161609.0,1.8804420775993216
2024-06-27,41830617,15625311768.0,1.468200744190196,12635826,4880820514.0,0.9606952464123252,2728427,356421158.0,1.4332082733970137,26466364,10388070096.0,1.8209950516551774
2024-06-28,54290379,18042752075.0,1.380658914779671,17711831,8380540660.0,0.8763339821606735,5245283,866826970.0,1.6414446235527602,31333265,8795384445.0,1.7535045085366003
2024-07-01,41358029,12988090097.0,1.3832351584967246,13641944,4553085329.0,0.8626919244832484,2642016,302620964.0,1.470864179981071,25074069,8132383804.0,1.798230649056261
2024-07-02,40365714,14679119689.0,1.3388794088965656,13344751,5375568972.0,0.8317404192148968,3067584,292472244.0,1.3854687521871059,23953379,9011078473.0,1.7572745808584194
2024-07-03,34141235,12952775922.0,1.5663874637334234,9968434,3940938586.0,0.8824956862925798,2584291,300771701.0,1.8430200386140738,21588510,8711065635.0,2.041105083419227
2024-07-05,47220817,16571408627.0,1.5396714339451063,13278033,5810738473.0,0.8191959634172357,3814698,450976653.0,1.900432400128648,30128086,10309693501.0,2.019084068144044
2024-07-08,40411248,19820781015.0,1.6160192666684836,12459441,8882239881.0,0.9639228834077325,3286749,419686809.0,1.5993198704590479,24665058,10518854325.0,2.146460269223596
2024-07-09,40851165,15896700674.0,1.6427425179203239,12079931,4803462490.0,0.9561671923626133,2579936,344562522.0,1.5174356257202435,26191298,10748675662.0,2.171729051610399
2024-07-10,44446398,16956209357.0,1.5227592038650555,14809145,6251939360.0,0.9323322378469053,3379689,435066440.0,1.2977951374724648,26257564,10269203557.0,2.0951486999758826
2024-07-11,61928022,21233021830.0,1.4955147200781633,21778074,7317856282.0,1.0636151898542265,4911624,688586785.0,1.8853751039801485,35238324,13226578763.0,1.8055715696414756
2024-07-12,57496136,18606877001.0,1.5118510982944215,18944726,8071730697.0,1.0298741363400834,4494122,525504964.0,1.6376076010806033,34057288,10009641340.0,1.8732745375967035
2024-07-15,50636948,17979197192.0,1.5544589598205394,19828639,7354968700.0,0.9787733796695471,3728244,510923537.0,1.9073959843441357,27080065,10113304955.0,2.1784259341093226
2024-07-16,51883525,17063528667.0,1.5985459648945668,19895815,7436624093.0,1.007530022922945,5199244,852278964.0,1.875648290261473,26788466,8774625610.0,2.24797299238859
2024-07-17,58210598,22046040427.0,1.4931674379659114,20514356,9342639835.0,1.0904309164007224,5429835,868193316.0,1.549461286686008,32266407,11835207276.0,1.8291965791581524
2024-07-18,60921591,23538043617.0,1.2416730112230483,22239693,9306268020.0,0.9241241783210158,5784457,690132480.0,1.2787618759851105,32897441,13541643117.0,1.5150806486262998
2024-07-19,51802881,18143976526.5,1.320737521622426,18478350,8509169927.0,1.0602457151591989,4512683,581324423.0,1.3674407599845553,28811848,9053482176.5,1.5170693267904793
2024-07-22,42226082,13981302638.0,1.4067646678786911,16468314,5624550387.0,0.9646205639408096,3529765,465739858.0,1.3747233229502351,22228003,7891012393.0,1.8958100000794693
2024-07-23,37421267,11634568825.0,1.334948503087868,14747492,4670691098.0,1.0465050573229882,2926322,347162246.0,1.0039513078349571,19747453,6616715481.0,1.6830297337058628
2024-07-24,55297303,25645555692.0,1.2195062694276477,23046905,14761659466.0,0.9773383750650657,4237087,606002048.0,1.3676789678763357,28013311,10277894178.0,1.4424893566784815
2024-07-25,58063132,23856512990.0,1.2679380965198168,21995620,10539620159.0,0.9982319393586633,4796889,827931909.0,1.6531729851292767,31270623,12488960922.0,1.445653377656105
2024-07-26,47422728,15186914692.0,1.233033126473378,17381322,7173186242.0,0.910689848379934,4299837,540621655.0,1.293809147844271,25741569,7473106795.0,1.5075833211647298
2024-07-29,37502530,12803169598.0,1.3156140708459714,15716197,5564434987.0,0.9900091800621712,2585427,363396618.0,1.4857699951254266,19200906,6875337993.0,1.6455327052326718
2024-07-30,45173303,16303717029.0,1.2457712787800124,17171026,6888755009.0,0.8776610181279143,3290240,513496734.0,1.420459853826659,24712037,8901465286.0,1.5713364259663385
2024-07-31,49230497,17497053555.0,1.4231837822863953,16731921,7080485709.0,0.8396373350948432,6215880,1605130172.0,2.7261669973683738,26282696,8811437674.0,1.7512349453902385
2024-08-01,61963421,25112958035.0,1.1777976995979698,23841713,11320021507.0,0.9390427152455226,5207483,750592283.0,1.471371153938332,32914225,13042344245.0,1.342716496229999
2024-08-02,70461233,35017812233.0,1.0498516298202636,24056094,19764186105.0,0.7566986287785195,7146144,1332654465.0,1.2182639594003173,39258995,13920971663.0,1.2487171788290288
2024-08-05,40391436,31150406696.0,0.9303423060074953,12771819,20439632934.0,0.5924707186718217,5220161,1107476031.0,0.9179555518324362,22399456,9603297731.0,1.1997703148320955
2024-08-06,45627241,25357147514.0,1.1133976577524651,17597941,15742745948.0,0.777193715067367,4056109,670902296.0,1.1464539744580957,23973191,8943499270.0,1.4468067451432196
2024-08-07,50969101,24821306725.0,1.069013094197694,20344441,15145384233.0,0.7574627052625122,4431224,652983945.0,1.2490143612939375,26193436,9022938547.0,1.3622860141161217
2024-08-08,48694446,23263151346.0,1.1384770435972777,16758516,10451519330.0,0.7331644003397552,4189138,634049125.0,1.5482955755162424,27746792,12177582891.0,1.4217346267967856
2024-08-09,42427076,15868077288.0,1.1592887241276557,15060391,8717268345.0,0.7822051553620084,3458783,423222340.0,1.2832978725511102,23907902,6727586603.0,1.4689596857134035
2024-08-12,38909494,15648626199.0,1.125168422197315,15360674,8301736110.0,0.7740282799575592,3509362,435008208.0,1.2904087523879078,20039458,6911881881.0,1.4685036164432903
2024-08-13,43405152,16356890388.0,1.217536702134698,16395564,8255022264.0,0.7621498714142371,4187571,508101147.0,1.514375076555794,22822017,7593766977.0,1.6525382093881094
2024-08-14,41934355,15559177982.0,1.334348861681955,15795146,7087190148.0,0.9529368213777283,3874872,487047486.0,1.5195848107257879,22264337,7984940348.0,1.6701440937328238
2024-08-15,56084100,24451940514.0,1.2910211811238068,19390696,10033504600.0,0.7974692837522767,5113633,629731666.0,1.2453997616561472,31579771,13788704248.0,1.766563914090822
2024-08-16,48874309,17812295934.0,1.3915728247524117,15079997,8778246887.0,0.8446319304138153,4807262,653753517.0,1.3605463087722882,28987050,8380295530.0,1.8350640492355699
2024-08-19,41062642,14390181353.5,1.4902135023593952,13962575,6199841149.0,0.989502465331191,3629167,500083348.0,1.2618354489153474,23470900,7690256856.5,1.9834777347285355
2024-08-20,39540326,14800803210.0,1.409250103629194,15197441,7209202912.0,1.008945941397904,3663730,494549064.0,1.1464422031947086,20679155,7097051234.0,1.8961943599492053
2024-08-21,37871162,12443587055.0,1.4706932707869806,14180329,5877470894.0,1.058526260045063,3195896,430652405.0,1.4228991128382957,20494937,6135463756.0,1.8782877288224713
2024-08-22,46035297,16660960409.0,1.3243738015301032,17889360,7367085885.0,1.011652257556026,4120512,492403222.0,1.2382117389396106,24025425,8801471302.0,1.64841937080842
2024-08-23,50877834,15006936498.0,1.4008719953256505,18963615,6723171322.0,0.8648760516692474,4467242,544608407.0,1.7407435129434372,27446977,7739156769.0,1.92218352993082
2024-08-26,36280962,11898775561.0,1.3455839217718075,14485335,4676631360.0,1.024235060170166,2660304,355913166.0,1.2657815797676903,19135323,6866231035.0,1.6808819427330692
2024-08-27,31573796,11076450403.0,1.3031204441883946,12620377,4484218740.0,0.9308266077705647,2198235,329896401.0,1.512946348958119,16755184,6262335262.0,1.6603477419762538
2024-08-28,39016734,15687472986.0,1.3138024233979522,13254873,6041068030.0,0.9742163827421897,3426895,487217775.0,1.443880661943255,22334966,9159187181.0,1.553624889482811
2024-08-29,46558446,20492393281.5,1.3410081846006903,15453064,5825361248.0,0.9157839587819915,3144649,440232790.0,1.9627202032021678,27960733,14226799243.5,1.5984328589428076
2024-08-30,45668010,14910231864.0,1.4024054560705466,15585955,6176931964.0,1.017473211707281,4197339,785419321.0,1.7886794207828534,25884716,7947880579.0,1.6470597679622385
2024-09-03,49196288,17587011058.0,1.3130691308165618,19723138,8826776212.0,1.0715501678612946,4556331,639818266.0,1.4316604162875257,24916819,8120416580.0,1.5234452625533377
2024-09-04,40863523,15373474329.0,1.1682187337155527,15798041,8314931398.0,0.9055096199761733,3972092,487993292.0,1.1696137663502446,21093390,6570549639.0,1.417556409466175
2024-09-05,44535078,19109187811.0,1.1679276176797826,17232027,7509087565.0,1.0070679383046546,3864349,479898438.0,0.9345888669058986,23438702,11120201808.0,1.3533967500441788
2024-09-06,55349153,22470580434.0,1.128684545890603,20120603,11973592900.0,0.8205408581548014,5359581,804837013.0,1.2875548992074026,29868969,9692150521.0,1.3693018781986084
2024-09-09,37914434,14094754687.5,1.16704865172582,14712319,6923880095.0,0.713076104247596,2750833,418228884.0,1.4307645134552884,20451282,6752645708.5,1.6300635355226007
2024-09-10,39260432,14548333598.0,1.1384954134516962,15336432,7608634755.0,0.8413655881806293,4091821,512432211.0,1.1418683436645138,19832179,6427266632.0,1.442485839941771
2024-09-11,50322758,18367567899.0,1.2541670576825952,21171699,9584114409.0,0.9679237440086318,4568365,594989673.0,1.0074918990463417,24582694,8188463817.0,1.646067989605903
2024-09-12,50422802,20560720010.0,1.2332346193959423,18964968,8030372816.0,0.8838187001480039,4648299,613121902.0,1.2550929171447354,26809535,11917225292.0,1.5655482143388595
2024-09-13,51733464,18036875735.0,1.4809753392793146,17257138,7166005225.0,0.8773996161680271,5387464,678114720.0,1.9711775924007937,29088862,10192755790.0,1.9541490813953228
2024-09-16,37605845,12800165476.0,1.3510130165860694,13672292,5977023210.0,0.9239398609957808,3683035,446728431.0,1.416938621629656,20250518,6376413835.0,1.7494320022440222
2024-09-17,41583137,15550719863.0,1.3619736726260632,17523167,8589690048.0,0.9284446339280644,3936703,477044586.0,1.366983470751389,20123267,6483985229.0,1.9353921795584879
2024-09-18,42271651,16794087479.0,1.3340888226635534,15443615,8684980936.0,0.8594485978596543,5322962,686187998.0,1.37231480392052,21505074,7422918545.0,1.8441000765345292
2024-09-19,54472811,26378405969.0,1.230001963381221,19833790,12502385252.0,0.7474369214758695,5837437,720621233.0,1.5524105728436326,28801584,13155399484.0,1.6692846460347872
2024-09-20,52134640,18202208274.5,1.3535601256715435,16578518,9077340702.0,0.854636732227261,5216307,654859828.0,1.2341739974755663,30339815,8470007744.5,1.7891865867805907
2024-09-23,37565822,13392486879.0,1.358628952367223,13300855,6225855320.0,0.8540531596750124,3877392,512731385.0,1.2112830760702566,20387575,6653900174.0,1.9126846431686921
2024-09-24,44345848,13925792558.0,1.572690115669347,13415332,5126574065.0,0.8259816535239621,6375430,900946950.0,2.1369682643870114,24555086,7898271543.0,2.1248987958841834
2024-09-25,40314181,16143711702.0,1.3729881651911147,14008042,8613489672.0,0.8232634599990889,4058062,525181556.0,1.7879653522620784,22248077,7005040474.0,1.8340528203555828
2024-09-26,53995509,27005077363.0,1.659893538265948,15658782,14163229492.0,0.9830292177632958,8508914,1142455645.0,2.223410477762069,29827813,11699392226.0,2.054952412273267
2024-09-27,51407468,15647861801.0,1.5030387783673238,15189955,5821238511.0,0.8782672704343163,5752030,787560475.0,2.0320711541999397,30465483,9039062815.0,1.886699344488491
2024-09-30,43844046,18039670410.0,1.4657692934546953,14817466,9640952627.0,0.8121893633688027,7178147,1295478020.0,2.806119359537294,21848433,7103239763.0,1.8306292946705987
2024-10-01,51765244,17997975725.0,1.4173516887128819,20473410,8462889655.0,0.8816490095002393,6620474,942920139.0,2.746061258993864,24671360,8592165931.0,1.8143904043589505
2024-10-02,44580209,16085010968.0,1.4241960494381416,14441937,7834456731.0,0.6969870768970452,8544252,1211782529.0,2.4597548116870183,21594020,7038771708.0,1.9142765680180778
2024-10-03,45125161,16860980730.0,1.3225809755639104,16265461,6938355692.0,0.8873908805110629,4926065,717464351.0,1.1513681053186917,23933635,9205160687.0,1.8087201211004709
2024-10-04,54348902,17167276923.0,1.3073529202614091,17311395,8056993560.0,0.769621331551656,6668471,861120526.0,1.4131268738137412,30369036,8249162837.0,1.7586401225649029
2024-10-07,49705201,16431293669.0,1.5045581716239973,16063954,6208894036.0,0.8792400005989627,8379306,1180292759.0,2.4707654914377244,25261941,9042106874.0,1.8436824276292838
2024-10-08,43682162,15629991795.0,1.3912271051884213,14800659,6144653586.0,0.7162542331902992,5993962,815991291.0,2.0771594670740825,22887541,8669346918.0,1.9739632662432678
2024-10-09,44895032,15513331732.0,1.3265600832223345,16095603,6742750494.0,0.7782913398301787,4623736,524423683.0,1.2714096512912012,24175693,8246157555.0,1.944679612816486
2024-10-10,44917171,16610680280.0,1.2907852002691587,15324686,5500016403.0,0.8184295590031075,4883593,790146941.0,1.340309000206064,24708892,10320516936.0,1.7171729401426474
2024-10-11,51972650,17168019883.5,1.414590818341945,16137909,7429033714.0,0.7559618221411082,4851775,577336539.0,1.6699620838996903,30982966,9161649630.5,1.946019783415059
2024-10-14,41803097,16864773819.0,1.509273088029043,13206233,6842789108.0,0.8167718956977272,3946111,492869719.0,1.6817165221303347,24650753,9529114992.0,2.1129039122008595
2024-10-15,52551419,20322597304.0,1.3744783856910883,18124279,9063291501.0,0.8550508467914737,6200599,733654772.0,1.3317430125917,28226541,10525651031.0,1.909254159490984
2024-10-16,44008293,14895640059.0,1.485075725470078,14682601,6542670054.0,0.9213220593865996,4021369,527861324.0,1.3665872776268269,25304323,7825108681.0,2.023981815231142
2024-10-17,47480288,20884118233.0,1.3219048189111056,15223786,8341859049.0,0.9731948137324055,5162237,800403609.0,0.9231394238148387,27094265,11741855575.0,1.6961404590459135
2024-10-18,48792550,16867902823.5,1.541691405927275,13027634,7353875253.0,0.7773295977621498,5941854,713547713.0,1.6877108165603603,29823062,8800479857.5,2.0884753187083875
2024-10-21,41462161,14171368596.0,1.2933563778008699,14633560,5986303900.0,0.8225377253238234,4938782,646450394.0,1.2496476656654631,21889819,7538614302.0,1.7868544174172076
2024-10-22,39684760,12187373938.0,1.3412413710264952,14297893,4758984332.0,0.862566011967252,4354035,525491169.0,1.4718274117438677,21032832,6902898437.0,1.7997509182825076
2024-10-23,48572354,15950608187.0,1.3430173194952313,19523377,7573632525.0,1.0069463076416683,4700079,596047280.0,1.4261815692794826,24348898,7780928382.0,1.6858710172024864
2024-10-24,44713017,18124598387.0,1.3818894540130584,13765698,5844872665.0,0.9597782494864118,4448348,528941708.0,1.1166301392546123,26498971,11750784014.0,1.7470461110113036
2024-10-25,53425194,19247130528.0,1.3258575297824051,18054685,7644922710.0,0.8105866663885472,4305186,574639984.0,1.4325393596680362,31065323,11027567834.0,1.7666390703263166
2024-10-28,39805835,15212159697.0,1.3365827813574367,13304327,5973553049.0,0.709279228386802,3356073,458412293.0,1.4732491788563904,23145435,8780194355.0,1.9315159078453592
2024-10-29,41858187,19170181029.0,1.3873602790492192,13582446,9262720251.0,0.869532859243884,3839208,631425553.0,1.4893616193525547,24436533,9276035225.0,1.8004759421718228
2024-10-30,46939810,19287829471.0,1.3643478871438894,14529234,7805824331.0,0.8044595476715407,3995932,561420574.0,1.6513378336953881,28414644,10920584566.0,1.760260838445927
2024-10-31,58625672,25648901538.0,1.3246536157119009,19812708,11184421084.0,0.8963594110125042,7388181,1448338562.0,2.0768703148425787,31424783,13016141892.0,1.540374078223852
2024-11-01,50868526,19115953941.0,1.2064863469321663,16977728,8991046255.0,0.7209045100624555,4675201,598764324.0,1.4391381630192468,29215597,9526143362.0,1.591928819627886
2024-11-04,42522915,14987741436.0,1.1159688918163646,16971611,7023496129.0,0.6979623684416676,4612702,511216195.0,1.091861936355762,20938602,7453029112.0,1.6518523678291352
2024-11-05,44989863,18484129053.0,1.247964084829499,17616164,9959052466.0,0.7304922849112714,4863756,529946769.0,1.8823555905332625,22509943,7995129818.0,1.7632028585166584
2024-11-06,66860319,27921496280.0,1.4874325543842388,20030194,10899794251.0,0.7915139765357768,8985400,1151255038.0,1.686409376810667,37844725,15870446991.0,2.063385050102838
2024-11-07,62725707,31641400056.0,1.5613809601764774,16882481,11362026635.0,0.8749708189464168,6361596,994278246.0,1.1035966446131014,39481630,19285095175.0,2.168482730997372
2024-11-08,60848694,23948101050.0,1.4819955199121293,15059920,6937905959.0,0.8118973469278492,5512085,670028777.0,1.4964390512772088,40276689,16340166314.0,1.8776518745249215
2024-11-11,55356876,29018699038.0,1.7227916721550214,13956387,6885824421.0,0.8904738122590495,5162402,854126843.0,1.9816035180412819,36238087,21278747774.0,2.230632056069759
2024-11-12,53813824,25116058736.0,1.533018880358124,17136617,8976867939.0,0.8377583544161397,6858260,703025505.0,1.8771031044519155,29818947,15436165292.0,2.126836386545572
2024-11-13,54637346,23420267167.0,1.5166887739772428,16848827,7665266327.0,0.825837540727952,4889584,588405265.0,1.3194632808160272,32898935,15166595575.0,2.1713035549535773
2024-11-14,58469572,28697409397.5,1.1312082282225429,18161245,10050699983.0,0.8076137123581043,6470310,1166985538.0,0.71299518610523,33838017,17479723876.5,1.4861395110173514
2024-11-15,68133507,26594630188.5,1.2730897903987468,23676189,11174958850.0,0.9325756384770485,5870057,794988558.0,1.2880440142114609,38587261,14624682780.5,1.545783717320495
2024-11-18,45894860,19611631787.0,1.5281805263567274,14910623,6081451672.0,0.9510033377642332,3702186,499518576.0,1.485130576914686,27282051,13030661539.0,2.024268931298387
2024-11-19,45698412,20119702721.0,1.395518704173301,17427233,6830304692.0,0.8827957744348555,3578456,563434170.0,1.5715113141421566,24692723,12725963859.0,1.9294933638691527
2024-11-20,44872787,24092988555.0,1.5085539339140235,15633769,6876229428.0,0.9976760732013302,3327656,604278623.0,1.3052515706496175,25911362,16612480504.0,2.0065091969863156
2024-11-21,57899837,28155748969.0,1.5360148853542845,18228678,6647677861.0,0.9632975667022987,4320615,728698627.0,1.6462049818742386,35350544,20779372481.0,1.9672557662922918
2024-11-22,58181876,21105814338.5,1.5618247494496855,16540349,6342990788.0,0.910092547458851,4704443,670114292.0,1.6219200634908604,36937084,14092709258.5,2.0134557259526176
2024-11-25,54916539,21465350396.0,1.7433952044907395,18196015,6197985753.0,1.08933387667911,4580851,768579211.0,1.6656147784953945,32139673,14498785432.0,2.351293942125255
2024-11-26,46304101,19134894825.0,1.3732052367029248,16519434,6831609094.0,0.8144993128391868,3447814,558789410.0,1.6447450882025578,26336853,11744496321.0,1.893068252383469
2024-11-27,45991145,17080764504.0,1.390109785886522,15191122,4996765946.0,0.9755946894110744,4739128,697493623.0,1.2079395155522985,26060895,11386504935.0,1.770526333022838
2024-11-29,38743718,15132823145.0,1.836949975400571,10017266,3664972164.0,0.827427022982062,7021785,3257158250.0,5.55000149249833,21704667,8210692731.0,2.0556310773922064
2024-12-02,46165397,18021736253.0,1.5093646902022557,14656386,6215769347.0,0.8673195827690285,3886018,589758077.0,1.5300238743041001,27622993,11216208829.0,2.0650005980652866
2024-12-03,40842530,19082384416.0,1.4505363126105042,13400811,9006821431.0,0.8750026759146277,3326869,440810564.0,1.2794986412913145,24114850,9634752421.0,1.9918392934972282
2024-12-04,48154317,21785055345.0,1.5636236475768448,14508095,8582812722.0,0.8285051601872454,3993806,584073206.0,1.4617534403966612,29652416,12618169417.0,2.2136754211685163
2024-12-05,50898278,27094799626.0,1.5409405042864222,13557248,8786578369.0,0.8545771116238833,4077691,653401689.0,1.2603896834604875,33263339,17654819568.0,2.0468907521767146
2024-12-06,54839434,21787977846.0,1.5437112815223537,13900103,5583448512.0,0.8236684432651767,4189842,620924827.0,1.333595292531935,36749489,15583604507.0,2.0268099195417437
2024-12-09,54957481,21938734005.0,1.5818695217614456,15969563,6165235733.0,0.9196507414237828,5698321,740435017.0,1.4367721472705883,33289597,15033063255.0,2.132118575974318
2024-12-10,48023857,18833885750.0,1.530723370412497,14609548,4716538953.0,0.871610947046504,4278768,569054499.0,1.5894544965994546,29135541,13548292298.0,2.0610714170895283
2024-12-11,51674639,23585675815.0,1.4854488518709272,14923265,6398208617.0,0.8283864980900482,4452836,741035854.0,1.6601612882991008,32298538,16446431344.0,1.9482959584152786
2024-12-12,48028574,20653985302.5,1.4362134427786826,15124603,4885620235.0,0.8370767157866301,4094306,557921729.0,1.3088808009537096,28809665,15210443338.5,1.9675669283738852
2024-12-13,58069922,23286798402.0,1.4769704567450934,17573833,6128572029.0,0.9523945167566569,4777721,681081870.0,1.4155889921986784,35718368,16477144503.0,1.8655178773725338
2024-12-16,57648985,31090302847.0,1.8737478289487262,15284664,8584150048.0,0.889807168665381,9345863,3022471821.0,4.956717243629865,33018458,19483680978.0,2.173738786023786
2024-12-17,48885142,27001956623.0,1.421102163132236,15621047,7559625812.0,0.8894712822638559,4496123,701768926.0,1.0618288692168567,28767972,18740561885.0,1.952617160810743
2024-12-18,66538082,33690203660.0,1.3657545627064274,23298789,14605100793.0,0.8714919449772047,6945259,989217873.0,1.0274387324733072,36294034,18095884994.0,1.9626387393834592
2024-12-19,64837395,45089911554.0,1.073026242420553,21502510,22469039534.0,0.8152560284369296,8571403,1830539406.0,0.8414306497961653,34763482,20790332614.0,1.3526204524564487
2024-12-20,68766836,37957607832.5,1.399524944082076,22437566,17570175288.0,0.8603572488964538,8834909,3260066742.0,2.2800192607981873,37494361,17127365802.5,1.6966452858859518
2024-12-23,45069686,22427496464.5,1.514241713753009,16425313,10077737827.0,0.9431058793300416,3512390,807791351.0,1.501189214747972,25131983,11541967286.5,2.11488661988467
2024-12-24,30694936,14549410611.0,1.6516010148927942,12236132,6116271089.0,1.075461444258619,1962798,354967103.0,1.607527403111022,16496006,8078172419.0,2.3476497258930142
2024-12-26,41279666,20733958371.0,1.4369515449470953,14696991,5584887130.0,1.0761951514449462,3205163,793512611.0,0.9381768156255669,23377512,14355558630.0,1.8486410061037837
2024-12-27,51803419,23270543659.0,1.4238739286938675,20067863,12234341630.0,1.018568076290887,3971050,584392266.0,1.3938442025512716,27764506,10451809763.0,1.8413274828133215
2024-12-30,44680576,23910902494.0,1.3551023757922211,18170123,12129167486.0,0.9779788328305687,4356404,736970779.0,1.2395166053804074,22154049,11044764229.0,1.8256385636951526
2024-12-31,39969356,18018890330.0,1.5386135567704937,17160774,9254679990.0,1.0732117603310998,3348355,439838196.0,1.405007602839447,19460227,8324372144.0,2.203365403925509
2025-01-02,50350963,26266975550.0,1.3418640825756645,18877972,8410027187.0,1.0358966710268438,4446374,945673226.0,1.083238183677801,27026617,16911275137.0,1.677635978616653
2025-01-03,54962743,22503112782.0,1.485107304390422,16315762,6003492129.0,0.8709257949687232,4279541,623684853.0,1.2011325733125198,34367440,15875935800.0,2.0010212265808818
2025-01-06,58482491,24440040637.0,1.554970081080584,19607128,7757988992.0,0.8416537523814211,4615041,737900262.0,1.2827729583584362,34260322,15944151383.0,2.3517782454613476
2025-01-07,56239635,26033348826.0,1.4698621286256683,22285729,12875755825.0,0.9656188912684482,4095059,647806809.0,1.2498160891123107,29858847,12509786192.0,2.1062804007984677
2025-01-08,53669869,24872949059.0,1.2190731685655425,18684336,8663622735.0,0.8057322560084892,5478811,1089646886.0,1.0275506979174607,29506722,15119679438.0,1.6495990543355659
2025-01-10,64605423,27519644753.0,1.2001988731091415,23410431,13960889856.0,0.7983624218156935,6831026,1149606728.0,1.2275554506258066,34363966,12409148169.0,1.5878025698371898
2025-01-13,51055825,21751588744.0,1.2167965989666347,19848288,9761437288.0,0.8184950577561702,5466806,899804550.0,1.3944390278942118,25740731,11090346906.0,1.6176440469254794
2025-01-14,50369570,23724786901.0,1.4766406101723584,20077500,10318044668.0,1.0463415459466996,4972679,821133127.0,1.3975949215729007,25319391,12585609106.0,1.9955197446411796
2025-01-15,56538393,25061682731.0,1.427636242504825,20325743,11543378252.0,0.8643810297794745,6949318,928957391.0,1.3980729334174409,29263332,12589347088.0,2.0837698260608315
2025-01-16,55309232,28544246832.0,1.1528663783968012,18254364,8713735193.0,0.9744838689160955,5391775,928295271.0,1.1110720010524477,31663093,18902216368.0,1.2792657824276847
2025-01-17,65518155,30176187056.0,1.5947214861107601,19320543,13191783179.0,0.9004109375608617,6050390,903894575.0,1.777907099000523,40147222,16080509302.0,2.110739208494153
2025-01-21,53723022,21178774545.5,1.4947873162525553,17817492,8060727725.0,0.8408038440402715,4613873,677049534.0,1.4881215082292543,31291657,12440997286.5,2.128991102296492
2025-01-22,51157472,24000336091.0,1.5541713286591086,17153515,9841378716.0,0.8839081535311043,4280098,636416316.0,1.4826309717363575,29723859,13522541059.0,2.230962757336089
2025-01-23,47797578,18577838653.0,1.4967679059847163,15066022,7255267148.0,0.9088388256185916,4802229,657620039.0,1.377025721339941,27929327,10664951466.0,2.0256850340898813
2025-01-24,55836305,20457469517.0,1.5609907231787155,16125432,8480227214.0,0.957525802230245,5179839,703578877.0,1.7945564879425706,34531034,11273663426.0,1.9484942594031993
2025-01-27,62549677,30825891214.0,1.336468999247993,19460024,11581300170.0,0.8658506792033268,5302658,1027613851.0,1.4114138217530559,37786995,18216977193.0,1.6718802998598619
2025-01-28,49364150,21739035557.0,1.590316305814236,15806741,7068136460.0,0.9960007354272638,3656284,626087566.0,1.737872787164148,29901125,14044811531.0,2.0503455380989637
2025-01-29,45366593,18197898600.0,1.489940313783483,14278585,5636150338.0,1.1120961140384586,4232854,679525102.0,1.425714028652264,26855154,11882223160.0,1.7644193934205858
2025-01-30,59708595,23827150350.0,1.5522161909206929,16939707,6070278839.0,1.0632921552860048,6507541,973601238.0,1.6609930522246499,36261347,16783270273.0,1.8464307194608405
2025-01-31,69809126,25889562114.0,1.430215409039686,21188588,9879769075.0,0.7640482001055169,7905386,1783214825.0,2.254192063287549,40715152,14226578214.0,1.8502324805162502
2025-02-03,54667079,23896607487.0,1.1862830701981537,21148923,10075126980.0,0.7471489043207582,5829420,905578107.0,1.434685059068914,27688736,12915902400.0,1.6356587110688345
2025-02-04,47762299,19790444662.0,1.4774636868819218,14888908,7055351117.0,0.8792636633687735,4841753,691456305.0,1.459597950535277,28031638,12043637240.0,1.9860730150725558
2025-02-05,50826737,17505454371.0,1.5308909771255608,15101158,4920665878.0,0.9304118173050067,4457054,663626006.0,1.689643519437674,31268525,11921162487.0,1.9491193959254585
2025-02-06,51040463,20835007606.0,1.539411543481033,14254056,5233111454.0,1.0030896419143527,3529054,506010578.0,1.248154490251988,33257353,15095885574.0,1.9138518509951692
2025-02-07,64550909,22446467220.0,1.44742402485744,19995427,7273834038.0,0.9442337223370717,5553982,665697737.0,1.5262286976689392,39001500,14506935445.0,1.8074716472465484
2025-02-10,46010972,16647814447.0,1.4853164706291602,13568496,4057127389.0,0.7768526003525551,3902076,616443741.0,1.7524183707298493,28540400,11974243317.0,2.0172168182425096
2025-02-11,44916611,17527445067.0,1.4076178982911591,13057672,4121177288.0,0.8013829527612771,3484461,504496007.0,1.4896511662801215,28374478,12901771772.0,1.8352456646922335
2025-02-12,50569590,22122523300.0,1.3775624178665884,17007637,10265019071.0,0.8161853676278765,4601634,586409893.0,1.2434289653518178,28960319,11271094336.0,1.9389800978641176
2025-02-13,58962776,23341116577.0,1.479129620924618,17631479,6096218956.0,0.8427081126597642,4654476,723458086.0,1.4866576200194468,36676821,16521439535.0,1.9713139652437932
2025-02-14,63695883,20388123809.0,1.7083459865628443,15234020,5528759615.0,0.9392735995246151,6861225,810933765.0,1.7866475183160933,41600638,14048430429.0,2.151405437090958
2025-02-18,54475992,18606725013.0,1.6679415742454173,15038846,4830937684.0,1.0612919563010952,5227488,783574731.0,1.3309226640221985,34209658,12992212598.0,2.1442032802428552
2025-02-19,50987706,19224115077.0,1.4583832059463246,14489713,5692349272.0,0.9045261454295528,4125715,601073730.0,1.2787773509454596,32372278,12930692075.0,1.8592859530790364
2025-02-20,60625589,23324794809.5,1.4808710434685715,17766233,6743551186.0,1.0417470073502388,5382491,759313612.0,1.3876233736853079,37476865,15821930011.5,1.7798935318527307
2025-02-21,80538775,29903685501.5,1.3014760275508073,25432998,13842995986.0,0.860713582581033,7444015,1038970384.0,1.382945710626335,47661762,15021719131.5,1.6184732667663584
2025-02-24,55316411,22357522222.0,1.2329550734359682,20190464,9328903440.0,0.773857127218742,4071370,644266184.0,1.347631189577488,31054577,12384352598.0,1.6641987211328786
2025-02-25,62632824,28603695330.0,1.222747042421147,21445996,11830170489.0,0.8622452328909769,6696332,1027319984.0,1.3596098238907812,34490496,15746204857.0,1.4949696954878662
2025-02-26,54722271,22448476902.0,1.36187269568352,18341958,8470273589.0,0.9129322841070756,5034450,698344026.0,1.3262288196483614,31345863,13279859287.0,1.7456852453065799
2025-02-27,65425337,29921693590.0,1.1351497987927435,23743331,12643628199.0,0.8167609798573653,4775471,756033035.0,1.068850175000964,36906535,16522032356.0,1.4177672329092486
2025-02-28,67554783,26316989740.0,1.2063066115992367,23579450,12649256094.0,0.798897352431284,6800611,1046837857.0,1.4908090080072316,37174722,12620895789.0,1.5150445100243963
2025-03-03,60288053,25140379754.0,1.1921888867524246,24421749,11567841276.0,0.8124170620686124,5573953,981562017.0,1.0257222374861352,30292351,12590976461.0,1.6866756286523736
2025-03-04,70024590,37163400883.0,1.138718278254665,29094207,18700766202.0,0.8146170498568319,6147911,1182291746.0,1.0724466787280225,34782472,17280342935.0,1.5311745700092558
2025-03-05,54365435,24846814258.0,1.3501039890540023,22425524,12336118478.0,0.9739535759853143,5688826,858505104.0,1.3216741378240813,26251085,11652190676.0,1.8159822539306
2025-03-06,62264417,34982571839.0,1.1809882734835335,25132971,15095761349.0,0.9303905717750812,5858655,1005180952.0,1.1157375507568568,31272791,18881629538.0,1.4508451134376692
2025-03-07,70029767,31022139480.0,1.2257831728452406,25047019,14966228614.0,0.8508690735212788,6806415,987731457.0,1.103875859728318,38176333,15068179409.0,1.5978729692300773
2025-03-10,68230014,40619551949.0,1.18972466376276,27917159,20736325070.0,0.997422904830356,7015994,1104896969.0,0.7510702727364166,33296861,18778329910.0,1.527103923171227
2025-03-11,60108446,36293236022.0,1.1754166568044746,25879990,19506475611.0,0.9446542763287167,5891187,1114481008.0,1.0142531840328233,28337269,15672279403.0,1.4862158332814956
2025-03-12,53814439,24962879586.0,1.2218472931949123,22630094,13224025661.0,0.9420975836904987,5290854,746193163.0,1.0515503572378568,25893491,10992660762.0,1.592140316693015
2025-03-13,58597549,34262887437.0,1.0843804225948606,22690142,14887861983.0,0.9174653379534747,6792866,1030032849.0,0.8703623089641767,29114541,18344992605.0,1.3020096944481672
2025-03-14,62797586,31750185032.0,1.2447795252223186,21571028,18548721148.0,0.6933189856835408,6941114,960560825.0,1.356142724031005,34285444,12240903059.0,1.7896850442841001
2025-03-17,50764138,20275598049.0,1.2771606086018608,20669568,8836875704.0,0.8572135069236785,5193802,714657951.0,1.3410373255085437,24900768,10724064394.0,1.7838258223967196
2025-03-18,44316728,20682244064.0,1.3541287518775458,17888629,10143380576.0,1.0964852058135104,4104117,663655091.0,1.3245056743168135,22323982,9875208397.0,1.6180823035952923
2025-03-19,49176539,22905932611.0,1.295006409016099,19220967,10621479692.0,0.8812067892293117,5210467,784263716.0,1.184107993412214,24745105,11500189203.0,1.8040926093407335
2025-03-20,53683582,30739009699.0,1.0564915943450255,20851496,12104502840.0,0.817865079800295,4368389,673246807.0,1.090763505833084,28463697,17961260052.0,1.268972113761657
2025-03-21,55015183,22137280924.0,1.3311343385263594,18609668,12199367395.0,0.9535857125565944,5131053,660945927.0,1.3136133388283524,31274462,9276967602.0,1.6377464595815228
2025-03-24,52182239,21880665302.5,1.4157760630011809,18685315,8779326457.0,0.8710358815274245,4391055,648625376.0,1.2787863785187503,29105869,12452713469.5,2.00461047608931
2025-03-25,42648261,18775511864.0,1.311247187913088,16764844,8674750371.0,0.9882798912170105,3648572,549134914.0,1.0765446432636707,22234845,9551626579.0,1.6906922696664837
2025-03-26,50805780,18111036664.0,1.1944455830555207,20248806,8443453568.0,0.9753215598526996,4582225,571353146.0,0.9148501834939828,25974749,9096229950.0,1.4718778002197161
2025-03-27,50468097,19709219966.0,1.2023786499027636,18113709,7891258232.0,0.8455824620999467,3732309,621635912.0,1.4304725549301882,28622079,11196325822.0,1.474886439757451
2025-03-28,62717740,26111417618.5,1.0968870970497522,22314653,14169691279.0,0.8749905891906099,6648977,853457670.0,0.9355631929072382,33754110,11088268669.5,1.3161205347631377
2025-03-31,52890313,25732675621.0,1.0797174290613722,22779241,13591625783.0,0.764695706510325,5209142,950612756.0,1.1139514149371819,24901930,11190437082.0,1.4755855598455752
2025-04-01,44951059,18671340249.0,1.1542019030523676,19678271,9211034064.0,0.8630846663654036,4310136,704170132.0,0.8632713256778787,20962652,8756136053.0,1.6231907779479633
2025-04-02,45587381,18986964211.0,1.1908893272521248,19135724,9294685660.0,0.8042275501676025,4212928,673194619.0,1.0796171819891116,22238729,9019083932.0,1.7200546635030363
2025-04-03,74698861,47613592060.5,0.9329993325228241,27430644,24518128820.0,0.6930090551330299,9013733,1896708315.0,0.8074872776317726,38254484,21198754925.5,1.1916274177405337
2025-04-04,99166992,74818494699.5,0.9029135416851161,32506663,47216870772.0,0.6515172961231135,14715878,3103013900.0,0.7228624667623872,51944451,24498610027.5,1.1744265148465987
2025-04-07,63794474,65453468227.0,0.9935902708367604,21185915,41989006876.0,0.7021505061881365,9424560,2299053476.0,0.8187295238642927,33183999,21165407875.0,1.3090485215415988
2025-04-08,66484081,51474404101.0,0.9348920559192553,25934378,32920035466.0,0.6660443663448011,8603522,1739689915.0,0.8672592281349354,31946181,16814678720.0,1.251854618675964
2025-04-09,79878550,58585676716.5,1.1281144986879275,26713168,35751535920.0,0.7942616229646848,11899690,2380501097.0,0.8817068189613309,41265692,20453639699.5,1.5280858180837964
2025-04-10,70153498,45699359953.5,0.9475072608694843,28174917,26843687746.0,0.7474692632120694,9783216,1997518012.0,0.9315523351661912,32195365,16858154195.5,1.1703791335327223
2025-04-11,62294767,31456757169.5,1.3897688661535303,20448413,17689225601.0,0.915188945476942,9612072,2059741632.0,1.7014149440076085,32234282,11707789936.5,1.724297181593263
2025-04-14,50847632,25974326894.0,1.173464570257832,20309672,14328768833.0,0.811033967288685,5957650,1185945733.0,1.296417986503608,24580310,10459612328.0,1.5641865272996358
2025-04-15,44755997,21914372231.0,1.0913240372612325,18190671,11819938291.0,0.7919705343529949,5047716,830134904.0,1.0397935683888564,21517610,9264299036.0,1.4521596273397392
2025-04-16,59423282,40076102347.5,0.9526815356259261,21825714,17905265369.0,0.7418185091670525,7701008,2025422189.0,1.1148975026879027,29896560,20145414789.5,1.0965481026966744
2025-04-17,54705420,24787775737.0,1.1896680243798379,18671409,14079365354.0,0.7811923147590077,6181977,927558321.0,1.212876901015808,29852034,9780852062.0,1.5498738859369217
2025-04-21,46652265,26820914401.5,1.1062485092751024,19372376,14782774106.0,0.8183208697735084,5963598,1297293449.0,0.9839219631372831,21316291,10740846846.5,1.5108997546735068
2025-04-22,49881755,26625949018.0,1.289747689515629,20573796,14008369061.0,0.8609409106055689,6324084,1955191917.0,1.4568060081395187,22983875,10662388040.0,1.8183333680762905
2025-04-23,58368504,27294672268.0,1.1834480000233425,23361719,14744758645.0,0.7710653326431539,6707325,1302905402.0,1.4629700282785345,28299460,11247008221.0,1.6159065125575613
2025-04-24,51654051,24588859811.0,1.1622454830613387,19670186,12141903543.0,0.7545887816204326,5092129,1009490390.0,1.2128396201243365,26891736,11437465878.0,1.5914265455574985
2025-04-25,61289899,24693189357.0,1.3744740864409946,19580392,10500752711.0,0.8378498825836423,5274352,827839711.0,1.3938093703621337,36435155,13364596935.0,1.8125064648391487
2025-04-28,45539278,20053316497.0,1.2392645379449736,18639780,9976422841.0,0.8410997579675915,4402567,738938361.0,1.4845256335373407,22496931,9337955295.0,1.665370093287647
2025-04-29,43463731,19421814560.0,1.219293255091835,18538457,10136390763.0,0.8552514240039678,4111378,792574409.0,1.144896309980233,20813896,8492849388.0,1.7118199407185433
2025-04-30,48971690,22033572790.0,1.1446944818000027,20624968,11860347658.0,0.8011469546945996,5107652,1162736759.0,1.31729926411208,23239070,9010488373.0,1.5318426821697757
2025-05-01,53232700,26842504221.0,1.3145151304132472,18973118,11446766170.0,0.8691193126711867,5669384,1120875940.0,1.295897631526302,28590198,14274862111.0,1.7545355826399753
2025-05-02,62708364,25056063998.0,1.3793493647206703,19726335,11016790287.0,0.782326320101672,6217138,906758911.0,1.3142587110345292,36764891,13132514800.0,1.9176025798460479
2025-05-05,41407771,17380091702.0,1.1996237012039457,15617319,7428176877.0,0.8104186030767562,3901579,666506817.0,1.1374450994797154,21888873,9285408008.0,1.6141495712108196
2025-05-06,44593505,17359382066.0,1.2108355047048822,17553352,8004951122.0,0.8253311745504875,4648518,936283945.0,1.5246259375322468,22391635,8418146999.0,1.570019894105466
2025-05-07,46166105,18662199198.0,1.3672108053190182,16538623,8941280676.0,0.8938782217361805,3992378,591198330.0,1.463529090894506,25635104,9129720192.0,1.8019407035897594
2025-05-08,61544646,24954850678.5,1.472473452645343,20692678,9329632177.0,0.9709874664658786,6407085,1117386049.0,1.1425210721358248,34444883,14507832452.5,2.020723929099523
2025-05-09,56743868,19454862558.0,1.4851941098169819,16677173,7207682970.0,1.0368675678524393,5499149,804821665.0,1.1735448928217256,34567546,11442357923.0,1.8532667188165621
2025-05-12,63801304,30806757047.0,1.4075120690113192,22229669,14045168156.0,0.8448857850969019,6516053,1201353072.0,1.294971531454872,35055582,15560235819.0,2.018830108435817
2025-05-13,66646235,32452054480.5,1.5068793558313984,21111805,11008923344.0,0.8708491590893119,6193364,1203899711.0,1.315691787685267,39341066,20239231425.5,2.115826154283705
2025-05-14,58943018,31764986437.0,1.5815967939733706,17646950,9038714130.0,0.9344035082661537,5148255,1108643231.0,1.0587444919915687,36147813,21617629076.0,2.2249954499386186
2025-05-15,58719801,35361312530.0,1.2867983989552971,19640702,11046492530.0,0.8859049105806719,5317440,1512714530.0,1.1624971786566136,33761659,22802105470.0,1.6367380623176788
2025-05-16,59440231,28032424384.0,1.6644829257917044,16711145,11408457818.0,0.9413811602971422,4561461,750750429.0,1.5525217384492018,38167625,15873216137.0,2.203742408790065
2025-05-19,45050115,21159792042.0,1.3015522896018739,17434239,8983884976.0,0.8741731536384895,3765621,712720070.0,1.3432409425182357,23850255,11463186996.0,1.7526663934419608
2025-05-20,44506652,17877360546.0,1.5205943975844423,16561594,6577422205.0,1.0534047095561292,3511206,601272229.0,1.5276149669795225,24433852,10698666112.0,1.9787804798359943
2025-05-21,60461775,22969417935.0,1.280234088611987,23406278,9479044576.0,0.8172704481064268,6553141,1090853973.0,1.5313020261568686,30502356,12399519386.0,1.7611815821869206
2025-05-22,53029059,24348719972.0,1.3641007582197537,17639206,7296671803.0,0.8967200213078774,5670797,1302319877.0,1.2859563246182244,29719056,15749728292.0,1.7904153137448469
2025-05-23,54065452,20962849899.0,1.306238826149821,17289042,8408688253.0,0.7303675718555183,5044081,851555812.0,1.5919825573269093,31732329,11702605834.0,1.7580012016806146
2025-05-27,48222888,21835862944.0,1.4334178384883598,16107278,7701143203.0,0.8015948878404343,3895947,672493912.0,1.3256927476917364,28219663,13462225829.0,2.0669566362800307
2025-05-28,42640631,19061273556.0,1.451265070328824,13817824,6913945627.0,1.0180584797508079,3436341,747318177.0,1.2147651396014334,25386466,11400009752.0,1.8217502644578145
2025-05-29,50877927,26055716544.0,1.3746250058574603,16600980,6597999884.0,1.037996571211806,4145442,907050283.0,1.1741459978738122,30131505,18550666377.0,1.6493348329947313
2025-05-30,59582511,23028235399.0,1.317144842516626,18553982,8955400364.0,0.8303038194829786,6651857,1359020233.0,1.5035857146513347,34376672,12713814802.0,1.6607897613919802
2025-06-02,43380049,18650250179.0,1.3268464025643556,15564873,6356829267.0,0.8619511924360501,4621178,906187885.0,1.3963421021245261,23193998,11387233027.0,1.7759264418924845
2025-06-03,47373533,20827796777.0,1.385387361894383,18045646,7185590924.0,0.8510091972733852,3512627,679863384.0,1.3449905469421761,25815260,12962342469.0,1.997286156845598
2025-06-04,45619620,20327416440.0,1.4643334459992898,14663236,5888363154.0,0.9444866806198546,4905323,875851919.0,1.1190819730486075,26051061,13563201367.0,2.0095304076112948
2025-06-05,62259297,34736063336.0,1.2789938344577436,18439152,6934104959.0,0.8942721520352753,6153574,1389428938.0,1.4002117200380846,37666571,26412529439.0,1.5076208121516506
2025-06-06,59692748,23216158186.0,1.3305592014823064,18863587,8031768240.0,0.741465625334079,5513416,802245064.0,1.3983542954185886,35315745,14382144882.0,1.829286920173652
2025-06-09,47227984,20128218308.0,1.5578978046147356,13715371,5558067980.0,0.9532615594993804,5020114,850785562.0,1.5444671008381852,28492499,13719364766.0,2.0090735305967633
2025-06-10,47597018,20273629734.0,1.5162823447786065,16222174,6040759056.0,0.9862589381917916,4728862,855444866.0,1.3265718594176266,26645982,13377425812.0,2.0571812370681237
2025-06-11,55057472,27615984644.0,1.6240898313041696,19385028,7190547864.0,1.0817156791784919,4519745,737678802.0,1.8947951592707524,31152699,19687757978.0,2.0819323297953707
2025-06-12,47948481,25033911544.0,1.288638537684045,14889246,5814558094.0,0.7979050025345827,4119075,817465544.0,1.450387837160148,28940160,18401887906.0,1.6337426987759445
2025-06-13,69856505,36716333282.0,1.516274566017276,21523441,10367089530.0,0.8362648869802674,10712448,2679399789.0,3.3741809982613438,37620616,23669843963.0,1.7679429774823947
2025-06-16,50106238,32871171530.0,1.349601020828472,17015916,13509754540.0,0.7585770585793219,4999765,1005118149.0,1.5014333887009945,28090557,18356298841.0,1.9107252971207187
2025-06-17,51264782,31692072683.0,1.1675438847583068,18529500,7896742148.0,0.8429708656537447,5479644,1029656178.0,1.1010018749209198,27255638,22765674357.0,1.4803025543378754
2025-06-18,53410205,45825613995.0,1.3479617102151593,18699313,17420393407.0,1.0630724270941891,4855915,889022687.0,1.320670578486013,29854977,27516197901.0,1.5756595285197896
2025-06-20,61002355,29717584942.0,1.4023349715706446,18945344,12704876536.0,0.9360396042436973,6031363,768558748.0,1.3439417745653126,36025648,16244149658.0,1.763942178372298
2025-06-23,54316571,26458451359.5,1.2396006513559077,20395456,10569544138.0,0.7192369675141864,5019235,807112723.0,1.3255049477793603,28901880,15081794498.5,1.8248312908394921
2025-06-24,53099828,24167459628.0,1.3767773686017204,18532336,8867038133.0,0.7769457644410183,5330808,881502036.0,1.3817527311167477,29236684,14418919459.0,2.022318070756728
2025-06-25,50606506,21802056915.0,1.529313953815567,16247920,6980895108.0,0.9361814852568016,3870579,585110968.0,1.340479091522021,30488007,14236050839.0,2.06027428033182
2025-06-26,53225153,26989594028.0,1.5345940980056743,16602575,8200539200.0,0.8295243621790619,4114983,740098317.0,1.7632969525711526,32507595,18048956511.0,2.1150919499244742
2025-06-27,65052477,27320759682.0,1.491909913589371,20950136,10913797990.0,0.9837034375984448,5157158,741684150.0,1.4428262591277525,38945183,15665277542.0,1.8991734807531369
2025-06-30,53021500,25078700891.0,1.6477672767295457,16693578,9611199390.0,0.9598121519408196,5859600,1147188177.0,2.3135618188285365,30468322,14320313324.0,2.128592329053624
2025-07-01,54775867,22194127391.0,1.5274770590387148,17957448,6527456376.0,0.9958259525810609,4572295,735601358.0,1.3822448760551904,32246124,14931069657.0,1.9981534733296837
2025-07-02,53687695,24587233892.0,1.6238922266604565,14924868,6483877377.0,0.8808509158218201,4643160,839411795.0,1.4970341011148338,34119667,17263944720.0,2.1987831567610296
2025-07-03,42971337,18054112599.0,1.6544927235063367,12860678,7203339373.0,0.9194328449584486,4031310,556622166.0,1.701441618569157,26079349,10294151060.0,2.261702776418701
2025-07-07,49078162,22318666981.0,1.337801537319269,18179580,8590650740.0,0.8744432218237248,4184800,669355014.0,1.2275925945640949,26713782,13058661227.0,1.8370563319686735
2025-07-08,45495732,17814019270.0,1.5035652738219112,15575860,6450234855.0,0.9214682833988879,3526903,591282825.0,1.526480058740307,26392969,10772501590.0,2.0441106487597596
2025-07-09,49982375,21351592748.5,1.5756464872103173,17226226,7309712052.0,0.9657927338059877,4687509,698091990.0,1.59715645849932,28068640,13343788706.5,2.175938188971255
2025-07-10,52768058,25044200945.5,1.5910170840582016,15678720,7226710937.0,0.9288309087909585,4561663,756120402.0,1.3892559342984643,32527675,17061369606.5,2.1494903570584465
2025-07-11,59352337,20779907243.0,1.5066469774870999,15563537,6134310328.0,0.8351866353309406,6580796,1151402045.0,1.6998779868403022,37208004,13494194870.0,1.916008570280556
2025-07-14,46466392,19052937290.0,1.4606263651460136,14676533,5403729957.0,0.8252936767984447,5161260,1104356544.0,1.4535834490102493,26628599,12544850789.0,2.0468316832702746
2025-07-15,56637521,22869928968.5,1.498095295391968,19408719,7100621123.0,0.9665716482711012,6125050,1054803596.0,1.2092657109972202,31103752,14714504249.5,2.10090874578088
2025-07-16,57284968,23112427278.0,1.4529135606651873,20340611,8044847069.0,0.8565017456889883,5611805,883249790.0,1.4492767792025956,31332552,14184330419.0,2.100323869886453
2025-07-17,60491650,27386013294.0,1.5358521524077258,16473333,8500911037.0,0.8095862301543275,5021881,912303917.0,0.9549399412024839,38996436,17972798340.0,2.2010526022872874
2025-07-18,65648239,25707773303.0,1.583336845427747,16406694,8202798380.0,0.891747631754603,6207075,734733168.0,1.1507692883420149,43034470,16770241755.0,2.10641106607696
2025-07-21,57643517,23265203988.0,1.5011513315540257,16620850,8678181464.0,0.7378780318774522,5547646,956043855.0,1.422268301234484,35475021,13630978669.0,2.1694931351365647
2025-07-22,53109438,18305908019.0,1.5192080618926307,15996777,5179717202.0,0.8926353134208491,4283257,845324687.0,1.4674219608692547,32829404,12280866130.0,2.0135979717557495
2025-07-23,56128760,18947354511.0,1.5392389624584248,16386927,6441980495.0,0.8491143293063077,4889872,758624655.0,1.5823492599976234,34851961,11746749361.0,2.070943076289741
2025-07-24,58495958,31204114088.0,1.4240881835644748,16324790,8104251375.0,0.8033195425021649,4164029,727640925.0,1.0382132962633017,38007139,22372221788.0,1.9156629528353524
2025-07-25,57984831,20662511753.5,1.420300202415073,14229388,6492549135.0,0.7892999286135448,4809571,628979625.0,1.6758236958924946,38945872,13540982993.5,1.7411621056496025
2025-07-28,46662065,21989463554.0,1.5308016276684104,14558293,7378577452.0,1.0595338739677782,3882757,598282236.0,1.2016361056896832,28221015,14012603866.0,1.9380510990123005
2025-07-29,52393746,21813798938.0,1.4085241592546291,17710130,6994251674.0,0.8669090222170031,3754272,567152721.0,1.2811062259844987,30929344,14252394543.0,1.9120070349104608
2025-07-30,50927278,21665331324.0,1.4052516349784314,16256167,7725873219.0,0.7986148506570863,4365835,559313725.0,1.5905526107954056,30305276,13380144380.0,1.9000491678499296
2025-07-31,64580432,39234255577.0,1.3258774537293763,21044575,12462006907.0,0.7485579402543615,6072629,1365645237.0,2.1362673401299412,37463228,25406603433.0,1.7158283483401455
2025-08-01,76480077,35153696519.0,1.1933160367060016,24375415,15911103121.0,0.7856040641487941,9124046,1169429347.0,1.1903533235275265,42980616,18073164051.0,1.5204171682164351
2025-08-04,48894850,21130551180.0,1.3057215551273096,16602282,7212372740.0,0.7452646492989048,4110303,630675888.0,1.2023594049888604,28182265,13287502552.0,1.8678982102110342
2025-08-05,51338341,21435782205.0,1.291898510883008,18769202,6658027094.0,0.8044387812588808,3729706,626619749.0,1.5182084876392128,28839433,14151135362.0,1.7421364553481269
2025-08-06,55146365,20722267129.5,1.4280000986233674,16613930,6052193264.0,0.803298136996531,3674818,725124667.0,1.3916266144279175,34857617,13944949198.5,1.9137721928052658
2025-08-07,62352105,32158579091.5,1.4446525432859443,19128615,7611998612.0,1.0481017550922516,4785671,804544626.0,1.1293023897345085,38437819,23742035853.5,1.7616752421883768
2025-08-08,65675670,24871922414.0,1.4453510116165926,16446151,6377153367.0,0.8107714921166211,4417259,628223290.0,1.2956555045208822,44812260,17866545757.0,1.827133332328125
2025-08-11,53933998,23339284448.0,1.4796631659710056,15774374,5640255536.0,0.9567748341947413,4599289,710394765.0,1.1964665806091743,33560335,16988634147.0,1.8943374698257982
2025-08-12,57769859,24006242170.5,1.4573949754593822,19393349,7839191310.0,0.8209440382221416,4730633,775147215.0,1.2974978108698387,33645877,15391903645.5,2.115538413416032
2025-08-13,60916193,26183841743.0,1.5900640515419242,18417781,8744414188.0,0.9841606764799291,5612617,904243901.0,1.429347814325084,36885795,16535183654.0,2.0927747011870514
2025-08-14,62734020,27586995046.0,1.3848792605363625,17785336,7210005409.0,0.7941515094748274,4962960,766213394.0,1.1063290967327657,39985724,19610776243.0,1.8488504346760484
2025-08-15,67166727,23528939199.5,1.635534854439737,16896572,8666836406.0,0.9057289375074934,5368119,774840805.0,1.4164214887491244,44902036,14087261988.5,2.1187750007275654
2025-08-18,46824611,16650300188.0,1.5896210444557979,13747026,5047442492.0,0.9853534426471945,3297033,552416177.0,1.317698689532711,29780552,11050441519.0,2.0591599546332318
2025-08-19,56359884,19348378806.0,1.422112714080867,19481299,6034596203.0,0.9109159582624144,4318451,643603616.0,1.512567927667943,32560134,12670178987.0,1.8673675367071731
2025-08-20,61772793,22963985564.5,1.2519709596739343,22803300,9355045510.0,0.8363723044264664,5098293,698905402.0,0.9079323961624995,33871200,12910034652.5,1.7446496623803462
2025-08-21,48747050,20735454586.0,1.1670034356751338,17571608,7791135700.0,0.8558622347479405,4421490,592640844.0,0.8158472508219895,26753952,12351678042.0,1.5258564173522133
2025-08-22,76014081,23960258579.0,1.5128601050742934,21946341,9179673972.0,0.7739561800994244,7482711,873808266.0,1.3889183493446742,46585029,13906776341.0,2.1590877203213945
2025-08-25,48227212,17156683771.0,1.4826777528609072,14711872,4969265706.0,0.8517884225210748,3606484,525308822.0,1.2451966026504206,29908856,11662109243.0,2.028901954207651
2025-08-26,43522642,16472620162.0,1.5097990979342355,14769020,6024572390.0,0.9021888085660589,3360022,706364940.0,1.557635481479339,25393600,9741682832.0,2.0731174831843586
2025-08-27,46331199,17674631723.0,1.5622991740075771,13081503,5736180522.0,0.9463359525505677,4311898,516127297.0,1.4016952626665686,28937798,11422323904.0,2.0252457885614636
2025-08-28,57408554,25143308609.0,1.4291013930597882,16521378,7375931373.0,0.877223676860853,4957261,699067814.0,1.4172905438056596,35929915,17068309422.0,1.810989861949012
2025-08-29,65504885,22135838348.0,1.5547449796082202,18012841,7714158018.0,0.9787668196115066,6757904,1090265902.0,1.7345542831708007,40734140,13331414428.0,1.89590551477789
2025-09-02,53789364,21007815458.0,1.3525141824955917,18962544,8861197451.0,0.8860851944570459,5623500,1133829328.0,1.45494680402902,29203320,11012788679.0,1.7759728084451463
2025-09-03,53149820,20714505918.0,1.5331541674745144,17582683,6355219473.0,0.9889721648604057,5217925,1344171368.0,1.6177187692832524,30349212,13015115077.0,1.9905766306628678
2025-09-04,57622875,23065148233.0,1.3508497579647176,17401175,6870976272.0,0.7594852093908911,5564963,1018026669.0,1.1470203673146095,34656737,15176145292.0,1.88094596030238
2025-09-05,74338951,24797246506.0,1.4824089591049576,22758089,8104419619.0,1.014521083520949,7532201,1013443390.0,1.371864928227179,44048661,15679383497.0,1.846692514515665
2025-09-08,52720442,20330329280.0,1.4630163811641,15857552,6031374658.0,0.9560361727661203,5610156,972154952.0,1.4045672649343692,31252734,13326799670.0,1.8502993236489396
2025-09-09,52927478,20037558200.0,1.4452218790011635,16281380,5446858337.0,0.7718086478262904,5466921,1179503932.0,1.1620612290983556,31179177,13411195931.0,2.140666489584004
2025-09-10,64412223,26936889773.0,1.575508269471316,18592866,7216749580.0,0.8856829557190419,5629863,1050311089.0,1.4861011200975034,40189494,18669829104.0,2.11909949012675
2025-09-11,67036871,31405697242.0,1.4793105671158766,18945072,9427162509.0,0.7150299968424376,5829112,1017798266.0,1.792830483381804,42262687,20960736467.0,2.0394212176516575
2025-09-12,74328112,40857816812.0,1.7178943093643435,16530535,12992900907.0,0.7366103324865575,5263192,860864486.0,1.4928100470362786,52534385,27004051419.0,2.342417166921701
2025-09-15,62390381,48917111444.0,1.8205789977236135,19242272,22291334834.0,1.125203908234723,4827690,910910824.0,1.7734697254157599,38320419,25714865786.0,2.3837848190697146
2025-09-16,55092500,26513365566.0,1.683554023594525,17000243,8616765973.0,0.9602165893064796,5574778,1208693420.0,1.5945962298433731,32517479,16687906173.0,2.3494058566821088
2025-09-17,67080546,29281982647.0,1.482350990767491,19909900,11312763337.0,0.7442790033397285,6983361,1023525274.0,1.406959105869361,40187285,16945694036.0,2.162543278382104
2025-09-18,79710975,59154999591.0,1.7182855306622846,24618602,32647885581.0,1.218911571983524,6741340,1143968433.0,1.1985667802584465,48351033,25363145577.0,2.1887834909092923
2025-09-19,79037750,34526140923.0,1.7021913980686372,18364850,14149007629.0,0.7858898476705689,7027383,1184370932.0,1.6815624487241618,53645517,19192762362.0,2.281961419996102
2025-09-22,69416550,30110772296.0,1.6559425075799705,17996963,9366040199.0,0.7227434187754052,5624291,1184111553.0,1.661378412908721,45795296,19560620544.0,2.3731727292661704
2025-09-23,65583820,28688688893.0,1.5413637299621576,20091632,11209352613.0,0.7693401170434817,5410537,1267889916.0,1.4211414929487338,40081651,16211446364.0,2.2809699385326434
2025-09-24,61286410,25885106237.0,1.531391882830623,18296736,8956726278.0,0.7821059835093648,4662793,869520128.0,1.4755397532101684,38326881,16058859831.0,2.1779918962489013
2025-09-25,70018619,29686325535.5,1.4050360084133267,21266749,11209008730.0,0.7260951625585761,6090350,1161712140.5,1.6921303694195102,42661520,17315604665.0,1.936032827338791
2025-09-26,68163076,22593012891.0,1.538516639158621,18081757,7493392590.0,0.8285591979472777,6331980,977106593.0,1.2804961499398542,43749339,14122513708.0,2.0838862149331288
2025-09-29,57989292,25731565126.0,1.6594856467196846,17682950,9564884944.0,0.9378832311091467,5349367,1213919918.0,1.5363016156967761,34956975,14952760264.0,2.3069681654066114
2025-09-30,60069553,29026126375.0,1.4888632381640248,18841668,11950814533.0,0.789941249714884,6337688,1414118075.0,1.6201331050147136,34890197,15661193767.0,2.117958337734554
2025-10-01,64267569,27299273860.5,1.677647687313582,17746512,7034072284.0,0.7646719799533638,6065860,1260668541.0,1.736721002314491,40455197,19004533035.5,2.449311986895492
2025-10-02,66847292,29682966750.0,1.6497796392039146,17571683,8508462577.0,0.8041831478122088,6571471,1375387564.0,1.356332130450622,42704138,19799116609.0,2.3627362870941
2025-10-03,85402751,33751464760.0,1.537367203261939,21091291,10166691925.0,0.7791243127719979,7764651,1447096972.0,1.7484896786299482,56546809,22137675863.0,1.9795845576621667
2025-10-06,67100408,30246812018.0,1.778528753539704,16153168,6032311134.0,0.770852356213338,7000997,2084825406.0,1.8773045468500262,43946243,22129675478.0,2.489251472121554
2025-10-07,69111922,27762891015.0,1.5575542689892754,21452447,8336252662.0,0.7813844553114493,7465914,1686418026.0,1.4645096292266613,40193561,17740220327.0,2.3632752670968777
2025-10-08,65687201,29953658660.0,1.719708908773913,17033801,6862113400.0,0.7305762792866172,7174627,2120186762.0,2.5239510972950856,41478773,20971358498.0,2.3795443199855035
2025-10-09,69934632,30672707469.0,1.5574344995651954,18865676,7176100014.0,0.80699062409965,7787902,1758831278.0,1.1768868616739823,43281054,21737776177.0,2.247452316398297
2025-10-10,107610225,45031411720.0,1.2794621776882489,31820874,18651580081.0,0.7799039706094577,11012485,1933268754.0,1.3014015737533073,64776866,24446562885.0,1.6390394995897843
2025-10-13,63101771,29280410898.0,1.5993345725481312,18673610,9297993325.0,0.8030680992509589,8435770,2393694753.0,1.5252509529070963,35992391,17588722820.0,2.402254356586073
2025-10-14,68816441,30581313523.0,1.5690741689602683,23384149,11270249863.0,0.8011546140890617,7710222,2318694365.0,1.5960736778840083,37722070,16992369295.0,2.4819341655179312
2025-10-15,73201812,32282737633.0,1.6161753042809968,25871063,12414787298.0,0.8747920113517724,7630851,1917289368.0,1.642687843675607,39699898,17950660967.0,2.515286132629873
2025-10-16,82023564,40069630421.0,1.3343968389280103,28074885,15063814932.0,0.8055275802139863,10915680,4047868999.0,1.4326564959805168,43032999,20957946490.0,1.8497940682190372
2025-10-17,81143502,36631418064.0,1.232928657018248,22356658,16067149093.0,0.8045351130194475,10429402,2794834537.0,1.2660588153112664,48357442,17769434434.0,1.4993633418896435
2025-10-20,58816754,26132028117.0,1.469066912383587,18262210,9223308429.0,0.6491152564975947,8294593,2299918174.0,1.7463102612086079,32259951,14608801514.0,2.3164554008033935
2025-10-21,59567382,23737235658.0,1.4208253121597787,19796973,8164559122.0,0.7097650630878863,7155724,2029919622.0,1.3850576838916737,32614685,13542756914.0,2.2526116385083417
2025-10-22,66486375,26810212036.0,1.4023140868300519,22795816,9055804305.0,0.8277080239322964,6273803,1626965796.0,1.4550043905027399,37416756,16127441935.0,1.9582897167828475
2025-10-23,62801782,27057445289.0,1.4350477017349728,19404285,7536216274.0,0.7951588596042456,5583787,1197095666.0,1.6065167271096015,37813710,18324133349.0,1.9451512581283574
2025-10-24,77033243,29167981634.0,1.4309027086273154,20253766,9998398612.0,0.7676845996707569,7002610,1177405372.0,1.44347470777339,49776867,17992177650.0,1.8664202664637204
2025-10-27,64414746,32464336337.0,1.619160522705424,19556241,12030916947.0,0.7638498750997542,6045517,1518964251.0,1.353645366148403,38812988,18914455139.0,2.5485067111532196
2025-10-28,65507055,31889019464.0,1.6486552305064404,21298013,11430310583.0,0.9037794620597223,5500678,1127056306.0,1.0734920879640328,38708364,19331652575.0,2.553798483489425
2025-10-29,61681471,34426571757.0,1.570891153907055,17834992,11411936755.0,0.7772261249467753,6005268,1161515048.0,1.5134289802797756,37841211,21853119954.0,2.2712869984421253
2025-10-30,66277060,38992128681.0,1.4061047487607357,19061474,10200237728.0,0.7789443407066399,5683101,1398521633.0,1.4432568727469708,41532485,27393369320.0,1.8634615282523594
2025-10-31,69920088,33662026335.5,1.408680830693445,20614534,11713032687.0,0.8243749615580506,5782435,1000420459.0,1.4105783160154661,43523119,20948573189.5,1.8390640657519777
2025-11-03,56280542,31134072663.0,1.4018514904458828,18855911,10404858180.0,0.7828603678840432,4272668,921348306.0,1.3905083903685183,33151963,19807866177.0,1.9951390371437587
2025-11-04,63758837,32726179257.0,1.3363899705333198,21923388,11305386989.0,0.8225780023059697,7409793,1560014300.0,1.242429772309849,34425656,19860777968.0,1.8792830976798982
2025-11-05,58748643,27956331652.0,1.4643031880220774,18510085,8814906359.0,0.8600462788643741,5124230,1199029470.0,1.2649801778928584,35114328,17942395823.0,2.0203077977470643
2025-11-06,72473945,44173167592.5,1.3392910297284562,25017646,12869686048.0,0.905792287335809,5542144,1437672227.0,1.1719716342074684,41914155,29865809317.5,1.739070128535981
2025-11-07,81377824,49459623402.0,1.2669894691929817,27331196,16340559501.0,0.8551827485464468,6607770,1389610832.0,1.1628059062891138,47438858,31729453069.0,1.619579909547218
2025-11-10,61062601,26035162551.0,1.5427770281499578,23137129,9977570060.0,0.9295481586665685,5283451,1197984727.0,1.6430100028613905,32642021,14859607764.0,2.256336744227992
2025-11-11,52482775,26066773155.0,1.456714170615395,18488452,8303664290.0,0.9942626440527759,4283981,872176479.0,1.3385643749471172,29710342,16890932386.0,1.8956629880831828
2025-11-12,58963537,29029673997.0,1.6287636635348688,20590662,8713773288.0,1.1117588057203338,6330274,1797654669.0,2.023948829166229,32042601,18518246040.0,2.026804599916118
2025-11-13,77578856,48661138131.5,1.3460625078532107,27206264,13468349083.0,0.9292306957012384,6750129,1538017227.0,1.134990497101687,43622463,33654771821.5,1.7602363266707741
2025-11-14,72481525,33462900142.0,1.2792632071923329,24427806,12007072779.0,0.8308738234754696,7785477,1326036092.0,1.2021669012955076,40268242,20129791271.0,1.6984209695024912
2025-11-17,63570525,35627283152.0,1.205687949326707,25795378,13856360647.0,0.8956916729683987,6967759,1312831903.0,0.9370899387938474,30807388,20458090602.0,1.6519721809409558
2025-11-18,61566970,37604308920.0,1.2139453199434291,27267827,16814886509.0,0.8933582199820134,5766112,1191980367.0,1.072001181513624,28533031,19597442044.0,1.6857119863403742
2025-11-19,58316150,34406445763.5,1.2898835243272797,22754725,12908149779.0,0.9227330804415166,5730617,1136085435.0,1.1662531824049627,29830808,20362210549.5,1.715128810395303
2025-11-20,92009126,71391653883.0,1.047976207013654,36221179,24706632369.0,0.7527730245882049,7950486,2271604081.0,1.2151334236792481,47837461,44413417433.0,1.3140499309859894
2025-11-21,88397063,42327225767.0,1.1811646473773585,26375191,18000127603.0,0.7684258582686837,8040289,1453143364.0,1.2856684359113364,53981583,22873954800.0,1.443129456583473
2025-11-24,59769222,28655546379.0,1.3862706643468796,21739443,10249444102.0,0.7802007452959611,5675229,1076469197.0,1.5405481990814107,32354550,17329633080.0,2.0518919399219335
2025-11-25,61032150,31295698151.0,1.2559316196249601,23971609,11017811279.0,0.8017577872502136,4714060,850948056.0,1.1474075872583913,32346481,19426938816.0,1.7995244531527157
2025-11-26,62071874,29226141198.0,1.4214576883427203,24022717,9609771195.0,0.9624390636417589,5747978,1167452250.0,1.2579413215842419,32301179,18448917753.0,1.9778447220366386
2025-11-28,39368800,15430369820.0,1.7332730842431272,10640623,4489490884.0,0.9338075003712002,4438270,969774784.0,2.206013184450843,24289907,9971104152.0,2.2314339506473404
2025-12-01,53321936,27375038195.0,1.3509826106793343,20942180,8750521313.0,0.9000441301461883,6127483,1251369778.0,1.4174935089478085,26252273,17373147104.0,1.8772404775696054
2025-12-02,55827453,23601834662.0,1.4802154807159447,22237621,8803302072.0,1.057369083575313,5208472,971319177.0,1.2392119788704268,28381360,13827213413.0,2.0275649889874665
2025-12-03,54503619,23211491131.0,1.4056413000617127,19385990,7284515619.0,0.874904917628806,5690594,967324821.0,1.038855307618253,29427035,14959650691.0,2.0891949794421336
2025-12-04,61878642,36509089045.0,1.5299771667411748,21160013,16066330208.0,0.9846701210160305,5546494,1352913207.0,1.6945787727301436,35172135,19089845630.0,1.9964170411747628
2025-12-05,66633849,31571501793.0,1.4997691514192246,22730835,12333432088.0,0.9782028847978909,6794137,1469822866.0,1.2226661576294569,37108877,17768246839.0,2.0646708897254107
2025-12-08,51345456,24532709629.0,1.4927777570365062,20277122,8591155966.0,1.1713905039797343,4589793,886179258.0,0.9558882562150194,26478541,15055374405.0,1.9708706241337521
2025-12-09,46143364,20961770309.0,1.463410372379741,17370317,6768924400.0,0.9398307207517784,5447331,1333792029.0,1.5998427875570218,23325716,12859053880.0,2.036534408443975
2025-12-10,52035256,30221104338.0,1.4551388395769171,19053825,8629118024.0,0.8960082559807798,5152682,1019394993.0,1.2358132301662927,27828749,20572591321.0,2.147916416630026
2025-12-11,66696373,36445200723.0,1.6032016984882773,21517208,9621799058.0,0.9853667236857027,6522842,1626412834.0,1.4021555476664314,38656323,25196988831.0,2.203318094717851
2025-12-12,78445276,42778707287.0,1.5768759595909692,27215829,12449829124.0,1.0491973851185592,7576472,1502757334.0,1.3787129754225438,43652975,28826120829.0,2.1234958244247024
2025-12-15,75183768,46798830233.0,2.0387793562677867,25093892,16168297870.0,1.1302598284697964,19284644,9649877149.0,6.25395401393492,30805232,20980655214.0,1.9898694609821819
2025-12-16,55192532,33611902277.0,1.2680368668321134,25048703,14391020600.0,0.9573062445834313,4696874,837716494.0,1.0749832565520336,25446955,18383165183.0,1.7439546249794449
2025-12-17,62491191,36562317017.0,1.4397930748209251,25098787,14479116809.0,1.1256311248765316,6899828,1428718926.0,1.3180910011143911,30492576,20654481282.0,1.8157954906014488
2025-12-18,72798119,78984388369.0,1.304221464953611,30674011,44695695253.0,1.1858992092312555,6444884,1520209131.0,1.202021044115014,35679224,32768483985.0,1.4381228478468235
2025-12-19,76078481,61605437300.0,1.343435225516404,20607974,12856555992.0,0.7380610204576652,11592418,18371254712.0,2.7533018281469355,43878089,30377626596.0,1.504593800894615
2025-12-22,52827647,27147670846.0,1.4668905474611562,19075453,7989475816.0,0.9020840363149326,6153137,2800679616.0,1.7247259946711162,27599057,16357515414.0,2.0236598511848385
2025-12-23,47949481,27739492362.0,1.305456037362351,17913462,8405251754.0,0.8635102622017087,5261499,1691987957.0,1.3202736790114746,24774520,17642252651.0,1.7780693888274706
2025-12-24,31103756,26342813420.0,1.3299046172833477,11078789,4345792482.0,1.101301583773144,2990385,908960142.0,1.215603844726171,17034582,21088060796.0,1.5319845731691637
2025-12-26,49518121,23914945332.0,1.4913386472503924,15542546,6950667956.0,1.0227510504153834,6763454,1994790734.0,1.342224392406203,27212121,14969486642.0,1.9245800878595323
2025-12-29,45479408,27825019200.0,1.401347982661915,16958599,8120540677.0,0.9466108209510737,6138695,2426710655.0,1.3635273326505626,22382114,17277767868.0,1.933436802137668
2025-12-30,42112503,29727500396.0,1.4492112856856383,15599582,9627908229.0,1.0209935029795554,4757243,1288789717.0,1.3560155309802446,21755678,18810802450.0,1.9177371296664736
2025-12-31,48765444,42922656682.0,1.37449319408229,17849079,10359808993.0,0.9789963875077085,5043159,1138088958.0,1.3770456182291921,25873206,31424758731.0,1.7535423119758928
2026-01-02,63126675,27145340269.0,1.485336901362204,21216035,8253690459.0,1.0670807316650894,6114558,1209661939.0,1.4110472193273107,35796082,17681987871.0,1.8409997000750566
2026-01-05,60821042,38446033664.0,1.4896228060933068,18649696,7403450640.0,0.7948444874230358,7667945,1941157945.0,1.5152620887125,34503401,29101425079.0,2.139369250971198
2026-01-06,62486433,31338129109.5,1.2991137438960454,21639735,8226189967.0,0.7544085730338262,7367373,2081946638.0,0.8906125459284986,33479325,21029992504.5,2.058260488843747
2026-01-07,56821167,25708037090.0,1.3691551095938972,20911343,7778692919.0,0.8923194591155391,5435282,1304523700.0,1.0558706340074424,30474542,16624820471.0,1.9617704762977537
2026-01-08,60587715,42114013584.0,1.3020130474615939,19735047,7754930016.0,0.900963916929953,5617733,1254965443.0,1.1962345571139996,35234935,33104118125.0,1.6334118737012289
2026-01-09,69921153,32169178704.0,1.4427670378619153,21345384,10467874895.0,0.7985080361403878,7513002,1641862589.0,1.4367752193032246,41062767,20059441220.0,2.0033784633802685
2026-01-12,57861650,31770458582.0,1.386955647000201,17877809,7312124204.0,0.7714172559563773,8167151,2736818426.0,1.4851216476048854,31816690,21721515952.0,1.9291801180227026
2026-01-13,61026375,34105351440.0,1.421870684186765,21773231,7902078685.0,1.0272447519423793,7776415,3366015234.0,1.3846821176171868,31476729,22837257521.0,1.8112407550091147
2026-01-14,69125170,37812538681.0,1.4355432638095051,24512662,10195771559.0,1.0438319747342766,9956610,3107097382.0,1.1359950829642518,34655898,24509669740.0,1.9552225671337455
2026-01-15,72696693,62360870878.0,1.1385352308818535,21778767,9482892361.0,0.8762760239270613,7900768,2336080963.0,1.385922613025871,43017158,50541897554.0,1.2551788660576408
2026-01-16,76175593,33282831753.0,1.3748332485663974,20571629,9996943644.0,0.8752198787830614,8486413,2337941507.0,1.5220116982838912,47117551,20947946602.0,1.6558566966832025
2026-01-20,66239925,33740670301.0,1.3486726580579773,25677836,14926974950.0,0.9368722549235248,8380984,3265759127.0,1.3931179951338033,32181105,15547936224.0,1.8121386366454522
2026-01-21,72497698,31470655117.0,1.4252064493271477,28130745,11735328627.0,0.9791680664588865,10119859,3376204133.0,1.1957901862867522,34247094,16359122357.0,2.09333887562178
2026-01-22,64797960,30510633463.0,1.4124656022022037,21628680,9089105267.0,0.8446605502302384,7239602,2306383999.0,1.12553563359858,35929678,19115144197.0,2.0634219283804245
2026-01-23,70558166,25781214901.0,1.3136516339671251,21738464,7161482070.0,0.7696583740021259,9383838,3344345264.0,1.2878526191781143,39435864,15275387567.0,1.7947150817267057
2026-01-26,59343284,28505132194.0,1.2763694890232242,19207797,6583181252.0,0.7061945162250527,12505909,8165242259.0,1.2760781283243476,27629578,13756708683.0,1.9654745019499125
2026-01-27,56416605,28883768163.0,1.390691835050304,19397133,9840239975.0,0.7841936993568227,8685341,3886414694.0,1.4183477027016491,28334131,15157113494.0,2.1015905785817846
2026-01-28,55488088,29988025013.0,1.4318990244588925,16784515,7637279239.0,0.9161151136134409,10026718,5916394576.0,1.4029138696389154,28676855,16434351198.0,1.901229222143501
2026-01-29,77704871,54531506795.0,1.3045060173938667,25635661,13080889332.0,0.8595155707836617,10588121,6046981815.0,1.342583423159363,41481089,35403635648.0,1.691372554235605
2026-01-30,82405239,39969589921.0,1.2767026567265076,23166477,10385002632.0,0.8125522645248435,16817456,7904066039.0,1.192907804007839,42421306,21680521250.0,1.6942994709948411
2026-02-02,62447319,31829118007.0,1.2178284840003175,20456336,8068105270.0,0.6756954992800017,9824284,6484602495.0,1.191850540818578,32166699,17276410242.0,1.805127168495564
2026-02-03,71528883,37995286523.5,1.2624821743321453,26994849,14697340757.0,0.9331379727567454,8770732,2917361316.0,1.0621096983716807,35763302,20380584450.5,1.669365293095521
2026-02-04,74845771,40079643900.0,1.273829261895799,24340459,12017499112.0,0.814042601174753,8876719,2439456590.0,1.1437394162043526,41628593,25622688198.0,1.7106155668952785
2026-02-05,79837790,63754623226.0,1.044869374462163,24548179,16907065430.0,0.791659109634827,11860148,3270247280.0,0.8580603721087625,43429463,43577310516.0,1.2907609772086244
2026-02-06,75633658,35646244299.0,1.322954124013153,22008601,11008863491.0,0.7861094181263081,8419351,2041754938.0,1.2904201912022586,45205706,22595625870.0,1.7296041583289397
2026-02-09,59245081,30270829343.0,1.3737415621005122,19727238,8057696162.0,0.8839863474475096,6450020,2054177942.0,1.407995266157318,33067823,20158955239.0,1.8002391919063272
2026-02-10,53425240,24907459301.0,1.2880577455642395,20039373,7758411191.0,0.8911652263854115,5752174,1719186390.0,1.027959040133125,27633693,15429861720.0,1.7865371269811468
2026-02-11,64759307,35153853949.0,1.3108196689255087,21756307,8270819531.0,0.8256243692408284,7307836,1644042895.0,1.260159192015162,35695164,25238991523.0,1.7726826262772672
2026-02-12,81447493,77098813050.0,0.9546533581354361,28394880,14154527301.0,0.7674038194010034,10372013,4285131450.0,0.8747553982295766,42680600,58659154299.0,1.1265680852456814
2026-02-13,70275110,45351034829.0,1.3138366954400713,22672779,12311735286.0,0.792085186883987,7360001,1730765960.0,1.2474651131473333,40242330,31308533583.0,1.7858499752963966
2026-02-17,59266948,34640753724.5,1.1011394633207137,23481465,12359413661.0,0.7915886042846663,6304782,1571721458.5,0.9935250092486316,29480701,20709618605.0,1.4695014607239656
2026-02-18,58296998,31067086033.0,1.1976590370922877,22546713,9916058573.0,0.7449357754541596,6121191,1414644990.0,1.2730235319849104,29629094,19736382470.0,1.7151117403903595
2026-02-19,61641706,57888366858.0,1.0034818797327252,21659316,10788611024.0,0.7679105771406352,5422102,1513289694.0,1.039941775092185,34560288,45586466140.0,1.1793658653107626
2026-02-20,72509087,33279653539.0,1.2034091310351183,24615907,12448177989.0,0.7236634765420951,8378010,2201801136.0,1.4733972829860702,39515170,18629674414.0,1.5929817672464535
2026-02-23,61703941,35657151170.5,1.2585347211246478,23037400,10904779502.0,0.9066945110796089,7519218,2942220893.0,1.1629908299211864,31147323,21810150775.5,1.6482080760708948
2026-02-24,53495911,27550774184.0,1.2243897658274518,20500612,9002779377.0,0.7770422872295931,6056663,2014032482.0,1.2506632152347572,26938636,16533962325.0,1.742605737691399
2026-02-25,57518029,27381911504.0,1.3547429185189273,18009464,8620640166.0,0.814038314515861,6952228,1861024270.0,1.1479463871379554,32556337,16900247068.0,1.8908279762051696
2026-02-26,69286135,50618427495.0,1.1987589346026783,24746659,15687603864.0,0.8297690904139615,6871775,2192608070.0,0.9813635583825062,37667701,32738215561.0,1.5944090550746695
2026-02-27,75144469,48287715412.0,1.2649256550871668,22638977,18308624249.0,0.8152217228355109,8179565,2251118424.0,1.1282023929240013,44325927,27727972739.0,1.628700251887376
2026-03-02,65469990,35262502845.0,1.151040664235676,24392876,11258663400.0,0.6522109720154285,8366093,2473550989.0,1.3810696536245306,32711021,21530288456.0,1.6902585906708922
2026-03-03,66968821,39126504936.0,1.1268437721110136,28007325,16813960024.0,0.825304063374145,9125112,2591531371.0,0.9900049547789191,29836384,19721013541.0,1.5814433332202806
2026-03-04,60420495,28571220721.0,1.2508477769931043,22556469,9929587692.0,0.8022632491279907,7241020,1764249942.0,1.2696845457508965,30623006,16877383087.0,1.749544331556391
2026-03-05,73709151,47624787350.0,1.1767961898451569,29723118,14439035374.0,0.9233967869053974,8098037,2185800472.0,0.7379798148023352,35887996,30999951504.0,1.61034058082121
2026-03-06,76333210,41608123875.0,1.090733068164043,27011071,17363213157.0,0.7967352997658483,9576718,2249510095.0,0.8412410141447312,39745421,21995400623.0,1.4420228324412216
2026-03-09,69551888,41062019629.0,1.1361942755601684,29787470,19225098436.0,0.7603516463670265,7189969,2266485136.0,1.0452270197557265,32574449,19570436057.0,1.6872220286803006
2026-03-10,60765947,33125842312.0,1.103008066233149,27117850,13162117444.0,0.7783659062850151,6571779,1830910158.0,0.8988460626079731,27076318,18132814710.0,1.6584251480373726
2026-03-11,57789727,29428045230.0,1.2355052677750684,22997056,11224594106.0,0.946412961858287,6451193,1324670945.0,0.8753424410640905,28341478,16878780179.0,1.6747960244071374
2026-03-12,67139246,53991050119.0,1.170357242098602,26669803,15576447373.0,0.971557248989782,7466965,2184449947.0,0.9887257074431478,33002478,36230152799.0,1.417281208163117
2026-03-13,72348156,41107854251.0,1.1811968681495746,27321557,16338919779.0,0.945296218551116,9232771,1984989037.0,0.7786568216831601,35793828,22783945435.0,1.5689566572426639
2026-03-16,62475387,44770226859.0,1.1636458697979142,26058727,17244388935.0,0.8183931708813441,5744038,1549147735.0,1.0076018543631498,30672622,25976690189.0,1.6253447449747391
2026-03-17,53852294,32570570386.0,1.0829994874144226,23011566,11265947789.0,0.7702524134298934,4890007,1143594390.0,1.0974272882191238,25950721,20161028207.0,1.4661464050096258
2026-03-18,55729064,37726815246.0,1.0767744188967958,22271366,14211815607.0,0.7668757222365641,6190618,1585877432.0,1.0855172088526253,27267080,21929122207.0,1.4213500876379284
2026-03-19,76849242,97429609925.0,0.9765404326873579,29452621,42953736920.0,0.9929640757055954,8494335,3102737336.0,0.765796331512588,38902286,51373135669.0,1.0165088983723167
2026-03-20,78058210,44322846828.0,1.0869429237163428,29826116,24664040314.0,0.890576691471964,10690103,2429857406.0,0.8855669443015242,37541991,17228949108.0,1.35262374135195
2026-03-23,63416844,31992455739.0,1.2162105945170696,26471564,15773135878.0,0.8559654018569215,6779582,2148002932.0,1.0459775803767184,30165698,14071316929.0,1.7327930201560677
2026-03-24,54047137,27497183102.0,1.0961621600929854,25286204,12884826857.0,0.7764290158784889,4788387,1392318907.0,1.0637971228993575,23972546,13220037338.0,1.5974164464550764
2026-03-25,56652488,25876211150.0,1.1612824231058831,23930310,11754125826.0,0.7856907802688575,5529637,1403692776.0,1.0673827832911604,27192541,12718392548.0,1.6826130925527498
2026-03-26,65276315,41391783831.0,1.1069967052754939,28270543,17005639809.0,0.8603203914244233,6711209,1983569828.0,0.7723612683912077,30294563,22402574194.0,1.5250628711800112
2026-03-27,75554590,47216627955.5,1.0246601758745324,30897494,26841269563.0,0.7910358284331391,8181701,2148637675.0,0.9438978929248987,36475395,18226720717.5,1.300260848962693
2026-03-30,63829791,40355087558.0,1.0600011592587173,28223644,21393535523.0,0.7562262065807044,6273683,1759191923.0,0.8937528053800511,29332464,17202360112.0,1.5282537715696964
2026-03-31,66314762,38608344739.0,1.0843181456300384,31177012,21231032832.0,0.659660273629575,6931859,1911190460.0,1.3262669133481508,28205891,15466121447.0,1.8062636851400968
2026-04-01,67628268,39952361767.0,0.9429174449811761,30572093,16820895102.0,0.6352743304486116,7013370,1739513202.0,1.005887210047612,30042805,21391953463.0,1.3813628827273223
2026-04-02,63923816,29236427423.0,1.0248571217880118,26034658,15051888177.0,0.6302543361671807,6155536,1608027079.0,1.136869222840952,31733622,12576512167.0,1.4949345950459225
2026-04-06,49758461,20925399126.0,1.072710008445638,21050522,9914412534.0,0.668270332659913,4694928,980414729.0,1.0143179659324053,24013011,10030571863.0,1.651166957861005
2026-04-07,52054052,24686519172.0,1.0412792573819833,24609705,12609449481.0,0.7785526527275418,4831105,1187897178.0,0.8550023307015988,22613242,10889172513.0,1.4961062020946845
2026-04-08,73938792,35603313881.0,1.0759282750289965,30824080,17038138866.0,0.6590305923607609,8456826,2034934079.0,0.9864802871189007,34657886,16530240936.0,1.711788117089728
2026-04-09,64134086,33655514778.0,1.153377528538073,26976983,14120511681.0,0.7274336903121882,5276725,1436902856.0,1.2985024761262574,31880378,18098100241.0,1.6856813685759966
2026-04-10,68175267,30209207066.0,1.2732252690564554,24054072,11239379274.0,0.7763888104234585,6544190,1603555091.0,1.3096133098190657,37577005,17366272701.0,1.7597492349861863
2026-04-13,61338054,28269154344.0,1.2449074046963753,25551217,12015756687.0,0.7635978304983669,5258442,1212027439.0,1.50415593989388,30528395,15041370218.0,1.8437674251625076
2026-04-14,76281540,42574661448.0,1.5195586369357263,30931822,20234570267.0,0.9494227389005097,7486617,1870041048.0,1.528375860086902,37863101,20470050133.0,2.307529639319236
2026-04-15,76272814,40604437159.5,1.6424741098539237,27795268,18352420413.0,1.063963616967986,5433282,1356676657.0,1.2801477549704894,43044264,20895340089.5,2.307442252661405
2026-04-16,72114446,37041605152.5,1.5467613556622728,28627984,17245687285.0,0.976898422250768,5629932,1251751198.0,1.6517494928408964,37856530,18544166669.5,2.2323477867359984
2026-04-17,94611282,53233282422.0,1.6424015325665362,32046865,27214087451.0,0.9053228274474898,9326769,2325162942.0,1.7404679919690869,53237648,23694032029.0,2.4166040946125396
2026-04-20,60215410,29795961746.0,1.338721282210991,21425154,12296250185.0,0.811918387892193,4610313,1121597121.0,1.190515852841538,34179943,16378114440.0,1.8922150545713998
2026-04-21,65334638,33311007275.0,1.226274877826803,29743597,16452888757.0,0.7957630550796682,5061909,1331429566.0,1.1545630993577056,30529132,15526688952.0,1.9257964157064438
2026-04-22,60200573,31214331068.0,1.4130594577001117,21618092,11275638089.0,0.7657523585737865,4594720,1264765906.0,1.5270443219436163,33987761,18673927073.0,2.121978662042515
2026-04-23,69459182,33621623798.0,1.2491735420376813,27586117,13048586811.0,0.7449768240911291,4874872,1397384406.0,1.361523641773374,36998193,19175652581.0,1.8440618507583293
2026-04-24,74658815,38285902510.5,1.3751155644404116,23581166,13321452170.0,0.799270682845161,5870664,2062946373.0,1.273456160950236,45206985,22901503967.5,1.871097966223957
2026-04-27,58225262,30794154674.0,1.384969105521618,18972800,11018165069.0,0.7874654512816083,4564892,1274989448.0,1.4973600665686664,34687570,18501000157.0,1.8975903624522166
2026-04-28,53589320,27450822423.0,1.3339245088004312,21104472,10471658643.0,0.8862310980034408,4589128,1459032743.0,1.0294462715879698,27895720,15520131037.0,1.9329757427770438
2026-04-29,56691721,29999336413.0,1.3650217436476857,17251486,10344058711.0,0.7532097743645696,4932134,1410611553.0,1.2497552796198328,34508101,18244666149.0,1.8904484060071363
2026-04-30,68258138,41526032468.0,1.426997438534062,23298747,17531959795.0,0.8321983315875398,5203407,1283319507.0,0.9338552810411898,39755984,22710753166.0,2.1260727990904535
2026-05-01,75745786,38785095344.0,1.4895030304113903,24824755,15394622952.0,0.8338671361412868,5531176,1423685239.0,1.2535756192959582,45389855,21966787153.0,2.1444669294061107
2026-05-04,63842864,35505071501.0,1.3512883812009964,22416626,14335778665.0,0.8226730751155157,5492398,1385849269.0,1.0978756919203263,35933840,19783443567.0,1.9368629678516116
2026-05-05,59741496,37738035934.0,1.3455142593802123,20501573,13432932130.0,0.7425251195471754,4257333,1570615474.0,1.3521826569794746,34982590,22734488330.0,1.9409137830457355
2026-05-06,75748373,49554696989.0,1.5792239001365707,24845068,20493803460.0,0.9062219620413897,6715682,2190455763.0,1.3780945730416971,44187623,26870437766.0,2.2704868461847783
2026-05-07,74315271,41203487553.0,1.4264554214437146,26966494,15184123961.0,0.845335320560064,6675492,1774815148.0,1.302836367851255,40673285,24244548444.0,2.101292128645878
2026-05-08,78164457,49137894631.0,1.4908054654511744,22179691,15180506191.0,0.7793643328911335,6233214,1972173519.0,1.4605640352338463,49751552,31985214921.0,2.0367792856484943
2026-05-11,72239661,46531268230.0,1.5489100341680453,21096676,12615131649.0,0.793159065775023,6318615,2395592113.0,1.5153862322481098,44824370,31520544468.0,2.187098727432073
2026-05-12,66522489,40577472799.0,1.3771308061266503,25777203,13576717840.0,0.8255958175296754,5894353,2239643817.0,1.2374759715393702,34850933,24761111142.0,2.103349916443316
2026-05-13,69429724,42810582747.0,1.680042769684477,22257000,15789158916.0,0.9072546544443095,6810977,2040032558.0,1.7577183781435404,40361747,24981391273.0,2.430149590881432
2026-05-14,74917874,49911310271.5,1.7588582318700547,25654094,19770088652.0,1.0202285131994762,6343163,2051798625.0,1.9177932978496834,42920617,28089422994.5,2.4943612306683267
2026-05-15,81467866,44766031619.5,1.3735586852337212,25633938,20331119801.0,0.8581458698052306,9007565,2098338224.0,0.9546017057153813,46826363,22336573594.5,1.9414910026288281
2026-05-18,68453267,39063655502.0,1.4155587944180918,26741619,17708597921.0,0.9573270708514626,5346655,1618273466.0,1.0824986766886484,36364993,19736784115.0,2.0032013232091885
2026-05-19,60472311,35582267918.5,1.2711288881925078,26084145,16194453703.0,0.8668928673980937,5486850,1577050655.0,0.9061192373230226,28901316,17810763560.5,1.956341226848248
2026-05-20,56518934,32531840188.0,1.5937596874873654,19449911,14250001950.0,0.9671751306660339,4992503,1353596640.0,1.1423585110906949,32076520,16928241598.0,2.3508173465395767
2026-05-21,64563068,35653584286.0,1.5178350065779993,24441641,12885340837.0,1.0081572212519427,5001606,1416798431.0,1.0447551292565287,35119821,21351445018.0,2.1854568460006982
2026-05-22,73252493,35237979831.0,1.5643905479046158,22218423,12687565416.0,0.9542879655077996,6528685,1499828832.0,1.3454662310573537,44505385,21050585583.0,2.087935425136791
2026-05-26,67841120,44627835375.0,1.6135235359434261,22877209,14159299928.0,0.9693832865906428,5319652,1960265156.0,1.1956220889078748,39644259,28508270291.0,2.3262945795361727
2026-05-27,62406280,40351876503.0,1.6026043358945137,19969676,10315883502.0,0.9287315839122439,5108533,1830203598.0,1.0855385766010492,37328071,28205789403.0,2.340287569506046
2026-05-29,81727979,50909382871.0,1.7829342086575333,22527043,18432744634.0,1.0587246733573188,6621956,1751663697.0,1.262310147631921,52578980,30724974540.0,2.39257572855977
2026-06-01,70767864,47837279776.0,1.6978827900190496,20551014,11609677793.0,0.883408212299396,4485185,1407089926.0,1.1062763978101264,45731665,34820512057.0,2.4671882347036456
2026-06-02,61683088,42241176262.0,1.667951556093079,18996502,10773346206.0,0.9722926985257512,4912946,1867745425.0,0.99994707999632,37773640,29600084631.0,2.4240701535878793
2026-06-03,63617816,37831824445.0,1.535888154962834,20420366,10078191501.0,0.923277484880362,5050602,1649183988.0,0.9967897030119465,38146848,26104448956.0,2.1948377206588323
2026-06-04,66677173,40392764896.0,1.4736920892959087,24109503,11654988664.0,0.9583471047259683,5558177,2060144237.0,0.9576167286018842,37009493,26677631995.0,2.1353056689576766
2026-06-05,103137449,57888775428.0,1.155382356294101,41014209,23197205920.0,0.8284769908381349,10015252,3409950658.0,0.9815513603606313,52107988,31281618850.0,1.5585695183207475
2026-06-08,65983185,35128382861.0,1.3069757930274795,28382453,13184400622.0,0.8629075635977316,4816884,1517971582.0,1.0116727438716007,32783848,20426010657.0,1.988075351180689
2026-06-09,82366907,51574768452.0,1.1617853852571147,40972533,23646366833.0,0.8369189819516046,6567819,2547153587.0,1.0712706403486945,34826555,25381248032.0,1.7584535797742817
2026-06-10,67831076,38985546799.0,1.1569367773478105,30730637,17589586003.0,0.8126928932468119,5420582,1921027478.0,1.0228361895052196,31679857,19474933318.0,1.6812911389190996
2026-06-11,69959288,44043622941.0,1.2375676202631274,31065020,17560777482.0,0.8895882628451165,6352980,3033882648.0,0.9542609821784249,32541288,23448962811.0,1.8113809943480002
2026-06-12,76305211,48457379566.0,1.5289581059470272,28412663,17046935520.0,1.0112252090706604,7498995,2896115811.0,1.9211852096542918,40393553,28514328235.0,1.9969014215963732
2026-06-15,73285074,45263738080.0,1.4007427766494136,29487489,16011606484.0,0.9376385383323363,6919439,2360520798.0,1.2023552470593628,36878146,26891610798.0,2.0312707572960265
2026-06-16,65956429,38608883394.5,1.2655902240465784,30070478,13315407242.0,0.9139559669827158,5500223,1949619907.0,1.0110519276430916,30385728,23343856245.5,1.8488168153888114
2026-06-17,72292348,57061190513.0,1.1728322674558138,26471429,21916630464.0,0.8419199604777461,6523932,2699437674.0,1.1091697466124906,39296987,32445122375.0,1.486168724598249
2026-06-18,79156425,58462555540.0,1.2618003892723986,26392772,25774146793.0,0.7615638962047925,7524605,2498512261.0,1.0813293436096931,45239048,30189896486.0,1.7586099069717893
2026-06-22,65327746,39826608535.0,1.3250830196812808,25090758,12318997850.0,0.9225239363856125,4362714,1728893203.0,0.9430834743345182,35874274,25778717482.0,1.8025130086107441
2026-06-23,60393895,39650573932.0,1.131728175065048,27614909,15145271709.0,0.8075056732236281,5014069,2473417335.0,0.8858681813582954,27764917,22031884888.0,1.6711711607704465
2026-06-24,68443935,37473383329.0,1.153147190765329,27571660,14820598354.0,0.8117822099481422,7170378,2385086275.0,0.8660589065783567,33701897,20267698700.0,1.6479890754991906
2026-06-26,71865798,38883942563.0,1.117387184129351,26642766,14791728346.0,0.7617101890864656,5810699,1919085567.0,0.8925915744532827,39412333,22173128650.0,1.5027965397028242
2026-06-29,65745309,36952675173.5,1.2588736002530942,25992949,13138582077.0,0.8119840326479829,5051966,1533988091.0,0.8079087593983617,34700394,22280105005.5,1.8999256223487293
2026-06-30,61196625,38003424477.0,1.3424462067943643,26053135,15434799525.0,0.8937863442378798,5804383,1577424716.0,1.2533539915974543,29339107,20991200236.0,1.9962200930551754
2026-07-01,68067239,38283786869.0,1.4176403122054302,25330527,12562883953.0,1.0212373928638798,5866929,2155208746.0,0.9369782773197469,36869783,23565694170.0,1.9277265755680693
2026-07-02,80252953,41996760394.0,1.3995992442960785,30204564,12951421883.0,1.0175596013610726,6601198,2305368702.0,1.395653911156967,43447191,26739969809.0,1.7641705345818819
2026-07-06,60637457,31623778592.0,1.4111396540235315,24919185,9853520113.0,0.9395690077558055,4278463,1314989530.0,1.2577486275819745,31439809,20455268949.0,2.021295167147636
2026-07-07,60652611,33559990787.0,1.2573463971678576,27407373,10693816243.0,0.9138193867048936,5092013,1858536021.0,1.0738415209544208,28153225,21007638523.0,1.7894196700023908
2026-07-08,62590495,30084150115.0,1.2454858432008902,26181486,11447487137.0,0.8154869583596142,5493113,1786361083.0,1.1950466412840899,30915896,16850301895.0,1.8233114844672142
2026-07-09,58266229,31350985482.0,1.3822519776996645,24671521,9057894405.0,0.9347925700076077,4545946,2172517756.0,1.2087041273037165,29048762,20120573321.0,2.0106203251131776
2026-07-10,64937830,28706734368.0,1.458460882399641,23716574,9464393551.0,0.9476636772718258,4893114,1295119131.0,1.3768822618181924,36328142,17947221686.0,1.9829842140908502
2026-07-13,62142921,31368624919.0,1.1727630071724382,25748898,10873126245.0,0.8311153014827477,5288313,1862209769.0,0.9604474953317939,31105710,18633288905.0,1.626837551476776
2026-07-14,55346410,30223630673.0,1.3123706022522237,23240568,10958029992.0,0.9397124721966039,4610584,1531209162.0,1.0436179601070703,27495258,17734391519.0,1.835327634269988
2026-07-15,67994951,36100843260.5,1.3513836291985517,28554952,13036559151.0,0.950414379226218,4039856,1548127496.0,1.123191543930609,35400143,21516156613.5,1.8608917994080079
2026-07-16,70669783,46684529454.0,1.1588907208441248,28395028,13498750587.0,0.8700850958678635,5737471,2930372932.0,0.7248175366805535,36537284,30255405935.0,1.56869495464201
2026-07-21,56791887,30661152711.0,1.170800964156791,25409847,10234665841.0,0.7628551487682487,4878246,1473694596.0,1.1288625691692704,26503794,18952792274.0,1.8027924506752706
2026-07-23,65428468,40914947897.0,1.1449225285540687,28643008,15025939338.0,0.8386963727883797,5029905,2044479674.0,0.8939827821287488,31755555,23844528885.0,1.588008687016239
2026-07-24,70689329,33113133774.0,1.1566293719905216,27828565,12224699556.0,0.8137318639457591,5440614,1813431802.0,1.0469419166770444,37420150,19075002416.0,1.5324088837251355
2026-07-27,64293207,34281718303.0,1.2312801755699814,27795612,12544780152.0,0.9169967973513129,4297747,1868416094.0,1.0672243402337862,32199848,19868522057.0,1.6315798592637525
2026-07-28,58697941,37932960316.0,1.2249729336004607,25450907,13778016355.0,0.8578256345690122,4093649,1889759031.0,1.0664287091638374,29153385,22265184930.0,1.7243368762109743
2026-07-29,66322755,40571733650.0,1.1564268931419108,27077408,16356230342.0,0.778889887475101,6102823,1999899315.0,1.0906107171999597,33142524,22215603993.0,1.627194320999672
2026-07-30,66309235,42838275116.5,1.2124584904833158,27111844,12856492246.0,0.8371491282131067,5149038,2296897084.0,0.9660575967767432,34048353,27684885786.5,1.7034713059684339
2026-07-31,75531399,38927536576.0,1.2210097217731815,29295538,13454320341.0,0.8128171211445779,5932704,2060081746.0,1.076453563764795,40303157,23413134489.0,1.6886114669702936
2026-08-03,72670182,39052302793.0,1.4037973088254898,29144027,15662037870.0,0.9332462188169478,3993116,1357730019.0,1.1686925493752902,39533039,22032534904.0,1.969065065742875
2026-08-14,65984412,33450404664.0,1.4027395954367314,21655553,10738888976.0,0.9388942917293922,5179112,1271507843.0,1.0186700530011232,39149747,21440007845.0,1.851915082459487
2026-08-17,60927331,31204063125.0,1.2208886626631812,21878990,8753250472.0,0.8058755900628347,5678719,1711260189.0,1.2632159981698887,33369622,20739552464.0,1.6051337564362054
2026-08-18,56896400,31098548309.0,1.17211011286983,22853056,10556068889.0,0.7663628542368914,5371757,1743245652.0,1.1028760832435238,28671587,18799233768.0,1.6791694193523068
2026-08-19,67194090,31636666301.0,1.5038633500725607,21688073,9422061447.0,0.9350176888286473,8315331,2361058121.0,1.667311735864853,37190686,19853546733.0,1.972765842615295
2026-08-20,64949323,37130331094.0,1.1885936722127117,23928748,12406322994.0,0.7626953486127901,6878920,2009316734.0,1.3916188412664914,34141655,22714691366.0,1.5816130912138597
2026-08-21,75051442,37146759620.0,1.536514186057531,22180049,16226356728.0,0.9568927822754254,8229747,2028104846.0,1.2800531603948964,44641646,18892298046.0,2.048325790644006
2026-08-24,61026324,28744341852.0,1.3887751883098833,21695050,9140729431.0,0.8661220705090601,6319829,2300852008.0,1.554444692350848,33011445,17302760413.0,1.883768848395787
2026-08-25,52841371,22401538361.0,1.5638910258136467,20452842,7622329850.0,1.0456955893830249,6645428,1698362982.0,2.3433558791981697,25743101,13080845529.0,1.984986307126208
2026-08-26,49415083,21383780034.0,1.34394463566059,16814437,7070300070.0,0.9302921365083101,4431576,1174528860.0,1.2268163077642023,28169070,13138951104.0,1.7134962024248301
2026-08-27,66075313,33644982782.0,1.4711132807189715,23765598,9853589792.0,0.9587183603652742,5190704,1351089490.0,1.3021909982791349,37119011,22440303500.0,2.005303708928581
2026-08-28,78619076,30677744385.0,1.3549962887853682,27745713,11514732252.0,0.925108908615843,7456713,1549160325.0,1.21369593388047,43416650,17613851808.0,1.782590254337606
2026-08-31,58034858,27077703396.0,1.2876582241681918,21326171,10471334709.0,0.8531819145980745,4882819,1167256741.0,1.2090525197614153,31825868,15439111946.0,1.7317309904175293
2026-09-01,63263526,30347118352.0,1.1546282981200435,28403407,13204305688.0,0.7967145574935043,5468203,1546149024.0,1.3051043012543129,29391916,15596663640.0,1.628749670533333
2026-09-02,59919837,23399282088.0,1.4163533773187196,21299819,7636847227.0,0.8710967645475276,4484022,1138437318.0,1.775229772301065,34135996,14623997543.0,1.8932980932251335
2026-09-03,72016493,34274290714.0,1.385389266159638,26824635,9617227474.0,0.905058206090403,6019482,1760733957.0,1.2461323645525335,39172376,22896329283.0,1.916783271352656
2026-09-04,71205061,28933822152.0,1.4134512482587611,23213312,8714775482.0,0.9314379929622817,5609239,1259920536.0,1.2178338826610657,42382510,18959126134.0,1.8338893570153463
2026-09-08,61644086,28652691149.0,1.3922774609544026,22996950,7648185676.0,0.8493678303869399,5042957,1365858800.0,1.3524864589762142,33604179,19638646673.0,2.0032567878121545
2026-09-09,61855961,30861306842.0,1.307978758791255,23284263,11029279115.0,0.8333233862779137,5479526,1155702296.0,1.2736575235321088,33092172,18676325431.0,1.8307274500609134
2026-09-10,64251148,31875472125.0,1.1426864265624608,25573511,11681456103.0,0.8128089087502558,7524250,2004580388.0,0.8637949061433088,31153387,18189435634.0,1.630736070014727
2026-09-11,68286676,27105863685.0,1.2701055070340792,23380383,9522769886.0,0.7333522877021115,7023220,1275806440.0,1.0540511768236116,37883073,16307287359.0,1.8757905030547481
2026-09-14,67535142,30897166085.0,1.3042122931983624,26566121,10924095303.0,0.8511962341296149,6399701,1523828571.0,1.3282061897525765,34569320,18449242211.0,1.831259819922764
2026-09-15,56605948,28234339370.0,1.23356984457763,24124643,10588264836.0,0.8890599921868105,6416164,1488086246.0,1.0931759185222085,26065141,16157988288.0,1.7416001412813116
2026-09-16,65406311,32299441447.5,1.2227264560452547,25000535,14353487406.0,0.7984239381505029,8512994,1606247552.0,1.2984045610659767,31892782,16339706489.5,1.6979917153754518
2026-09-17,68165935,41113094041.0,1.1960158475654405,25336489,15300253125.0,0.878953487009619,6953255,1769998186.0,0.9541177171526067,35876191,24042842730.0,1.562931067122633
2026-09-18,76056660,39782292298.0,1.3731177293751302,24053766,17485145188.0,0.900860627090965,7506548,1464989921.0,1.1409073978266213,44496346,20832157189.0,1.8004733629196696
2026-09-21,80279916,42838234459.0,1.5388090961564516,31527747,18222979567.0,1.0830926615653569,6829032,1918419586.0,1.4779778866275093,41923137,22696835306.0,2.053366477943117
2026-09-22,63611147,36103698176.0,1.508417974318459,25505055,14114316749.0,1.0997982864266878,6175540,1550598034.0,1.3149217868508947,31930552,20438783393.0,2.028048078844343
2026-09-23,68951561,30191194271.0,1.212876783487762,29399221,12198121176.0,0.8295152185161803,6873169,1379325879.0,1.0226589321164914,32679171,16613747216.0,1.795062415806017
2026-09-24,67293226,30842049883.0,1.2531598558194146,30533253,11107531717.0,0.9690861898378634,7028073,1442501482.0,1.1148618658677538,29731900,18292016684.0,1.6939199403298169
2026-09-25,72630240,28881526729.0,1.4346156348602153,28497473,11244615109.0,1.0116777305811235,7416245,1218599549.0,1.2631582159602923,36716522,16418312071.0,1.963553954180827
2026-09-28,66599177,28179221558.0,1.2510286584501078,28953656,11369928664.0,0.8966654215980837,6952218,1383109618.0,1.1009062140391255,30693303,15426183276.0,1.7874120070857489
2026-09-29,58634105,27148775227.0,1.2849268786908017,26195191,10742708208.0,0.9729620681884461,7570664,1267647444.0,1.1454371093493179,24868250,15138419575.0,1.8082439674121402
2026-09-30,61800509,28699208858.0,1.3113761143088,24777236,12043700185.0,0.9287956791402622,6820314,1185690714.0,1.1979749268369084,30202959,15469817959.0,1.799531041069546
2026-10-01,69921549,35115811019.0,1.2196210855522438,31886948,15246870666.0,0.9206147037157724,7726811,1932781479.0,1.228637495327448,30307790,17936158874.0,1.6511260803404886
2026-10-02,78701711,31027030939.0,1.3223688627093477,29669054,11794789795.0,0.8676041117052972,8468881,1577376152.0,1.5164911377796029,40563776,17654864992.0,1.7713104249643952
2026-10-05,69368751,30286394634.0,1.2582740849902447,27824591,11602127700.0,0.8447958555032544,7785767,1483434752.0,1.3320964605048873,33758393,17200832182.0,1.7454059632958507
2026-10-06,63062820,32469018846.0,1.364459643898156,28541007,13184654195.0,1.015782938772224,5644460,1507511631.0,1.1269181304993818,28877353,17776853020.0,1.9291704666703793
